,CAF_score,cytotoxic_score
TCGA-3C-AAAU-01A,13.774781909762016,5.412727747750073
TCGA-3C-AALI-01A,14.81217912308384,8.983399971325678
TCGA-3C-AALJ-01A,14.998613036288159,8.58406609860268
TCGA-3C-AALK-01A,15.894139001532002,7.309279220343171
TCGA-4H-AAAK-01A,15.985902578393958,6.755455743490431
TCGA-5L-AAT0-01A,15.508236416784843,8.23656999933638
TCGA-5L-AAT1-01A,15.369037920004061,9.613096980487045
TCGA-5T-A9QA-01A,11.091973363270778,6.163504050100471
TCGA-A1-A0SB-01A,13.360846953788803,5.365247718214886
TCGA-A1-A0SD-01A,15.106808638194797,6.852332310704944
TCGA-A1-A0SE-01A,15.439685872166521,7.231540391867258
TCGA-A1-A0SF-01A,14.575504563515821,8.588659947937108
TCGA-A1-A0SG-01A,15.170044044185023,6.940724901740536
TCGA-A1-A0SH-01A,17.066947544423538,6.110756252181109
TCGA-A1-A0SI-01A,16.31788331919526,8.770696764343393
TCGA-A1-A0SJ-01A,14.685239877561699,7.12613746838971
TCGA-A1-A0SK-01A,12.937410025983297,5.7512462296742
TCGA-A1-A0SM-01A,15.67583238491964,5.945851858172952
TCGA-A1-A0SN-01A,15.50592403690242,8.383676128267071
TCGA-A1-A0SO-01A,12.023179733931608,6.564359801210149
TCGA-A1-A0SP-01A,13.677893290701528,7.5697729798850935
TCGA-A1-A0SQ-01A,13.304973173707982,6.356184805128508
TCGA-A2-A04N-01A,15.4503745517252,6.394191580348846
TCGA-A2-A04P-01A,14.59065410402734,8.01890421295761
TCGA-A2-A04Q-01A,14.17845828576238,10.997037232936666
TCGA-A2-A04R-01A,14.974360185063341,5.546758754627791
TCGA-A2-A04T-01A,13.154197784548264,9.639253549096448
TCGA-A2-A04U-01A,14.2901695077815,6.258594426028176
TCGA-A2-A04V-01A,15.361293110502322,6.585597422225357
TCGA-A2-A04W-01A,15.84021261895462,6.741788501882673
TCGA-A2-A04X-01A,13.774792040182465,9.289885593143314
TCGA-A2-A04Y-01A,13.354661759835924,8.056256243411495
TCGA-A2-A0CK-01A,14.253665163763916,7.767340582740504
TCGA-A2-A0CL-01A,14.665862484376499,10.264248055774557
TCGA-A2-A0CM-01A,14.34613151966802,9.764160846123604
TCGA-A2-A0CO-01A,14.700294810133062,8.981529061750612
TCGA-A2-A0CP-01A,16.02329315938374,7.06211116871336
TCGA-A2-A0CQ-01A,13.393983201952704,6.489469337893169
TCGA-A2-A0CR-01A,14.334333699519686,10.781787845538291
TCGA-A2-A0CS-01A,15.43161635351252,6.514727262172532
TCGA-A2-A0CT-01A,14.039833523712682,5.696898820587427
TCGA-A2-A0CU-01A,14.339477529169182,6.450633185711866
TCGA-A2-A0CV-01A,15.10464955245062,7.941935624374797
TCGA-A2-A0CW-01A,13.46353447474445,7.7555736450449695
TCGA-A2-A0CX-01A,15.531483067160242,7.796270533687476
TCGA-A2-A0CY-01A,12.07989628217822,5.9695427404976344
TCGA-A2-A0CZ-01A,16.51862916037356,8.205159272059605
TCGA-A2-A0D0-01A,12.110299830758612,9.274584845291262
TCGA-A2-A0D1-01A,14.297630561266839,6.622973850959154
TCGA-A2-A0D2-01A,14.518568581860041,8.893233759492622
TCGA-A2-A0D3-01A,13.46319841238944,7.677968976386858
TCGA-A2-A0D4-01A,13.24910461112295,5.67296959870491
TCGA-A2-A0EM-01A,15.405188611147159,6.160193283496936
TCGA-A2-A0EN-01A,15.55442535152942,9.220457952189266
TCGA-A2-A0EO-01A,15.88058117999426,7.801055247920099
TCGA-A2-A0EP-01A,15.3945849513774,9.993342230817133
TCGA-A2-A0EQ-01A,13.610714181120821,10.242180627261202
TCGA-A2-A0ER-01A,13.45354624968238,6.546968986027411
TCGA-A2-A0ES-01A,14.47955764618624,7.628436093898359
TCGA-A2-A0ET-01A,11.65518544998794,7.6769364426630835
TCGA-A2-A0EU-01A,14.387095799933679,6.525433495979912
TCGA-A2-A0EV-01A,15.250479295359819,7.890143086283431
TCGA-A2-A0EW-01A,15.37323115814194,7.9605612320897405
TCGA-A2-A0EX-01A,15.68618397078942,7.178693905682617
TCGA-A2-A0EY-01A,14.153424409913342,7.770457986753636
TCGA-A2-A0ST-01A,13.066547334441287,10.839520572702426
TCGA-A2-A0SU-01A,14.803429601809821,7.7557238299896625
TCGA-A2-A0SV-01A,15.43782885802332,7.00625809388115
TCGA-A2-A0SW-01A,14.76017100264674,9.525431949010738
TCGA-A2-A0SX-01A,14.720103894644382,9.325033753546524
TCGA-A2-A0SY-01A,14.9132494270881,8.015947456307309
TCGA-A2-A0T0-01A,14.95973612833232,7.57867811347591
TCGA-A2-A0T1-01A,15.389662304187919,9.747572416839812
TCGA-A2-A0T2-01A,14.42427564047112,8.171653435516175
TCGA-A2-A0T3-01A,14.320603697855338,6.638364368996302
TCGA-A2-A0T4-01A,15.154379957479302,8.394928045743322
TCGA-A2-A0T5-01A,14.890940769946098,6.126956039086521
TCGA-A2-A0T6-01A,15.784703452462702,8.290704358432977
TCGA-A2-A0T7-01A,15.652059957687902,7.387847228872731
TCGA-A2-A0YC-01A,14.675603983439501,7.073074590383803
TCGA-A2-A0YD-01A,15.871144979981679,7.90725910384248
TCGA-A2-A0YE-01A,14.0470502362919,6.465781739054336
TCGA-A2-A0YF-01A,13.16801509044166,6.164683627052343
TCGA-A2-A0YG-01A,14.02611345061614,6.3904060693492895
TCGA-A2-A0YH-01A,14.857109427368119,8.371392289112443
TCGA-A2-A0YI-01A,14.62353583642648,8.62872477626092
TCGA-A2-A0YJ-01A,13.609560582542068,6.406820440924831
TCGA-A2-A0YK-01A,14.854032337147041,9.720953480248175
TCGA-A2-A0YL-01A,15.351596798250899,7.919370323553177
TCGA-A2-A0YM-01A,13.387119678311597,7.594694562820625
TCGA-A2-A0YT-01A,13.41597518990056,7.372029971397924
TCGA-A2-A1FV-01A,13.78874406394776,5.364478142637942
TCGA-A2-A1FW-01A,14.01381690884108,6.536525598458686
TCGA-A2-A1FX-01A,14.38131932161922,6.962799878535614
TCGA-A2-A1FZ-01A,15.245408430435077,6.980869322483258
TCGA-A2-A1G0-01A,14.903942343402397,7.797940175686767
TCGA-A2-A1G1-01A,14.8533146699742,8.767696823329999
TCGA-A2-A1G4-01A,12.564757253988372,6.595871659791657
TCGA-A2-A1G6-01A,13.398495771317917,7.571436242479886
TCGA-A2-A259-01A,14.44093575382674,7.667672280542588
TCGA-A2-A25A-01A,15.3860791863865,8.03115393102202
TCGA-A2-A25B-01A,14.927668797954539,7.457611658761487
TCGA-A2-A25C-01A,14.848383359639978,6.980448298304391
TCGA-A2-A25D-01A,13.743635982938276,9.533935760455206
TCGA-A2-A25E-01A,14.335814548237062,6.835097709037226
TCGA-A2-A25F-01A,15.048498488767478,11.058401147415205
TCGA-A2-A3KC-01A,15.46643929856118,7.319759133931302
TCGA-A2-A3KD-01A,13.931784037421782,6.99331347192725
TCGA-A2-A3XS-01A,14.277877885982658,8.12738561558165
TCGA-A2-A3XT-01A,13.49863454796134,8.093019191434383
TCGA-A2-A3XU-01A,11.749943146421419,5.5045069503269906
TCGA-A2-A3XV-01A,13.863015649628915,6.882043842146735
TCGA-A2-A3XW-01A,14.263415929732579,8.17694699997361
TCGA-A2-A3XX-01A,14.386360117794021,8.219604009337003
TCGA-A2-A3XY-01A,15.180098293158341,8.337168134313883
TCGA-A2-A3XZ-01A,13.709703375594575,9.14876044461168
TCGA-A2-A3Y0-01A,12.971952200553844,9.806356173202929
TCGA-A2-A4RW-01A,15.2295322203139,8.05642327487606
TCGA-A2-A4RX-01A,15.68696995547944,7.874639413066186
TCGA-A2-A4RY-01A,14.866972493122802,7.607173622822873
TCGA-A2-A4S0-01A,12.688543877104365,5.651904470902432
TCGA-A2-A4S1-01A,16.870219957642,7.397131223335696
TCGA-A2-A4S2-01A,14.53692737508114,8.649892959743127
TCGA-A2-A4S3-01A,14.133408385034219,8.42765384388751
TCGA-A7-A0CD-01A,14.0816289332731,5.966892773370609
TCGA-A7-A0CE-01A,13.255063203814762,7.285330438314555
TCGA-A7-A0CG-01A,15.371770454170697,8.792969342402271
TCGA-A7-A0CH-01A,14.751660313031659,6.097489205758612
TCGA-A7-A0CJ-01A,13.14297980060615,7.173080029057004
TCGA-A7-A0D9-01A,14.80887197815928,5.799431129055111
TCGA-A7-A0DA-01A,15.67459485436412,5.998738498381405
TCGA-A7-A0DB-01A,14.8776829006056,6.188692930595595
TCGA-A7-A0DC-01A,12.49397555321523,4.589347322260117
TCGA-A7-A13D-01A,14.983407118268559,5.2865975340026035
TCGA-A7-A13E-01A,13.931381324339302,6.708621962033615
TCGA-A7-A13F-01A,14.455531932769858,5.736240298851107
TCGA-A7-A13G-01A,14.183611614571419,4.779031749413123
TCGA-A7-A13H-01A,14.49574501629572,8.191163240028958
TCGA-A7-A26E-01A,15.20111695047278,6.06358517440192
TCGA-A7-A26F-01A,15.277873573504621,7.5003441781923055
TCGA-A7-A26G-01A,15.910304979114718,8.00918930303519
TCGA-A7-A26H-01A,15.35085019824668,7.514113972671514
TCGA-A7-A26I-01A,15.268755062851701,5.679697533240023
TCGA-A7-A26J-01A,15.066000550618222,6.208190157647602
TCGA-A7-A2KD-01A,14.943165116403279,7.7877606222774896
TCGA-A7-A3IY-01A,14.121339323673983,6.9454326398765955
TCGA-A7-A3IZ-01A,13.207487678752065,5.518947743528612
TCGA-A7-A3J0-01A,12.256394611054864,8.126320459616597
TCGA-A7-A3J1-01A,14.59887346956602,8.817687196184659
TCGA-A7-A3RF-01A,13.685539699479904,5.7650067385030885
TCGA-A7-A425-01A,14.743802773212241,6.873285608799667
TCGA-A7-A426-01A,14.894942206626359,7.8359648345138755
TCGA-A7-A4SA-01A,14.898179664586701,8.844876157822089
TCGA-A7-A4SB-01A,14.090105679488579,6.119467349393739
TCGA-A7-A4SC-01A,15.238166663460737,7.684314943974941
TCGA-A7-A4SD-01A,14.6855840367899,9.070819867262346
TCGA-A7-A4SE-01A,15.84991291919784,6.721943653277
TCGA-A7-A4SF-01A,13.67562179941954,7.333864411936635
TCGA-A7-A56D-01A,15.171879586765225,7.447928158203278
TCGA-A7-A5ZV-01A,12.254743973302409,6.507506513056983
TCGA-A7-A5ZW-01A,15.76868238240586,7.661812762853375
TCGA-A7-A5ZX-01A,15.2899430932054,6.006897429435951
TCGA-A7-A6VV-01A,16.10705569260218,7.160549869775425
TCGA-A7-A6VW-01A,13.971729105604883,7.026941830433304
TCGA-A7-A6VX-01A,15.417392707313379,6.407365554856985
TCGA-A7-A6VY-01A,14.90790890074284,8.840289202199154
TCGA-A8-A06N-01A,10.190378765165265,5.5058723974187185
TCGA-A8-A06O-01A,14.348828833851519,7.099372328002997
TCGA-A8-A06P-01A,15.952669408725617,6.508106333812504
TCGA-A8-A06Q-01A,11.685515245847355,5.631469994903546
TCGA-A8-A06R-01A,15.566983337598199,7.437725984367298
TCGA-A8-A06T-01A,14.071244769258879,7.907187456666208
TCGA-A8-A06U-01A,13.79066062736474,7.9690384947375055
TCGA-A8-A06X-01A,14.082971332710997,8.0489688637847
TCGA-A8-A06Y-01A,13.171848732893556,4.957609865286452
TCGA-A8-A06Z-01A,12.866753494172594,4.985443709204831
TCGA-A8-A075-01A,14.869344815654179,8.336107743777317
TCGA-A8-A076-01A,15.437704563860061,6.59820825861082
TCGA-A8-A079-01A,13.601374424213063,6.494611465027327
TCGA-A8-A07B-01A,14.900743999054821,6.539161444556662
TCGA-A8-A07C-01A,13.2756863097751,8.464226521432712
TCGA-A8-A07E-01A,15.863987846709398,8.039195794291306
TCGA-A8-A07F-01A,14.79125542653902,7.059480067629416
TCGA-A8-A07G-01A,16.10243434278502,7.358020963039171
TCGA-A8-A07I-01A,15.568390632861039,7.198485003326809
TCGA-A8-A07J-01A,15.75977346145778,7.360465448508523
TCGA-A8-A07L-01A,14.951511646548678,5.721357059157937
TCGA-A8-A07O-01A,13.962965618655762,7.828013248406641
TCGA-A8-A07P-01A,14.92190355279576,6.959750453496896
TCGA-A8-A07R-01A,13.58654541409208,6.2562126330514385
TCGA-A8-A07S-01A,14.5421793549739,5.475432958455065
TCGA-A8-A07U-01A,14.071364860089968,10.118538618164525
TCGA-A8-A07W-01A,14.620799689231822,6.941968596794459
TCGA-A8-A07Z-01A,13.900152267934118,7.4533028771598016
TCGA-A8-A081-01A,12.262788136786835,9.27044507738758
TCGA-A8-A082-01A,14.5108588462304,5.100720487839068
TCGA-A8-A083-01A,12.244080815406745,5.711959902739669
TCGA-A8-A084-01A,15.211198492266101,5.385591804343688
TCGA-A8-A085-01A,15.229151807107183,3.756735425615784
TCGA-A8-A086-01A,15.632426508020359,5.679414707876465
TCGA-A8-A08A-01A,14.830599422648561,6.604976582786387
TCGA-A8-A08B-01A,13.187154734249782,7.91598541745966
TCGA-A8-A08C-01A,14.1764589909221,6.4668107791388465
TCGA-A8-A08F-01A,14.97841447796642,8.603613008469813
TCGA-A8-A08G-01A,14.619862605819218,7.158756232540461
TCGA-A8-A08H-01A,16.1011139310214,8.428772561071685
TCGA-A8-A08I-01A,11.83433131413023,10.221234435013448
TCGA-A8-A08J-01A,15.23972087985554,6.789802554744332
TCGA-A8-A08L-01A,13.9056690350472,8.780482220392654
TCGA-A8-A08O-01A,15.394590962866241,6.163499056656994
TCGA-A8-A08P-01A,14.773621961096719,9.174387542602764
TCGA-A8-A08R-01A,14.813929510895539,8.857447986508596
TCGA-A8-A08S-01A,14.430697674086762,6.484156766405364
TCGA-A8-A08T-01A,14.252011484368339,6.542283015359905
TCGA-A8-A08X-01A,15.83274219452698,8.08169511645513
TCGA-A8-A08Z-01A,15.78325115207618,6.580632081836454
TCGA-A8-A090-01A,14.6294700801246,7.21153389987442
TCGA-A8-A091-01A,14.016397296014782,6.894098753124362
TCGA-A8-A092-01A,14.44173410520572,6.477460978650816
TCGA-A8-A093-01A,15.673482409456923,5.13880473858515
TCGA-A8-A094-01A,14.45169212768484,9.303758792811342
TCGA-A8-A095-01A,14.738485366361042,7.030706410579852
TCGA-A8-A096-01A,15.55973392713974,8.596171883107036
TCGA-A8-A097-01A,15.498349244059739,7.088355215692312
TCGA-A8-A099-01A,14.176691398501081,6.377531826328342
TCGA-A8-A09A-01A,15.469777288748059,7.909563487839324
TCGA-A8-A09B-01A,14.55779974444078,6.591849354703847
TCGA-A8-A09C-01A,14.3987203274052,5.692829711077162
TCGA-A8-A09D-01A,15.4848702776961,7.253240269358983
TCGA-A8-A09E-01A,13.686009531342801,5.9688268412242405
TCGA-A8-A09G-01A,13.935823846854541,8.518768517466286
TCGA-A8-A09I-01A,14.56483249299474,8.435851365271942
TCGA-A8-A09K-01A,11.91070945742668,9.037598820193514
TCGA-A8-A09M-01A,13.7401845479504,8.392163879949928
TCGA-A8-A09N-01A,14.61537858678978,7.472664670929004
TCGA-A8-A09Q-01A,14.3987968761024,8.094496955078688
TCGA-A8-A09R-01A,15.42332921663072,8.045721329171913
TCGA-A8-A09T-01A,14.755962185269201,5.84242136284849
TCGA-A8-A09V-01A,14.94312135262974,5.005942763844307
TCGA-A8-A09W-01A,14.48345636062244,6.86410207725063
TCGA-A8-A09X-01A,14.934711423533543,9.195383989709864
TCGA-A8-A09Z-01A,13.031766212757612,9.033650283600945
TCGA-A8-A0A1-01A,15.111687403070201,8.333717072589552
TCGA-A8-A0A2-01A,14.78266661650546,7.43246460498486
TCGA-A8-A0A4-01A,14.69068599945922,6.6475864577381305
TCGA-A8-A0A6-01A,14.130057466220839,9.285278563203134
TCGA-A8-A0A7-01A,15.303699076653439,10.82113708414011
TCGA-A8-A0A9-01A,14.858198125510322,7.009819471040183
TCGA-A8-A0AB-01A,14.20416102428868,4.994110279939597
TCGA-A8-A0AD-01A,15.346879166835919,5.817327908889359
TCGA-AC-A23C-01A,14.765046320107619,7.868959337050971
TCGA-AC-A23E-01A,16.364250728472978,5.49194226843799
TCGA-AC-A23G-01A,16.788709915009584,7.593369383868796
TCGA-AC-A23H-01A,15.156814381717442,5.8933853769101106
TCGA-AC-A2B8-01A,15.20035838713448,7.797515958502593
TCGA-AC-A2BK-01A,11.725425081740369,6.620775212999869
TCGA-AC-A2BM-01A,13.69934688711092,7.451598131336006
TCGA-AC-A2FB-01A,14.025719084272101,10.03826772287523
TCGA-AC-A2FE-01A,14.914522609350637,9.647331366923032
TCGA-AC-A2FF-01A,15.509150387113598,8.50037759664965
TCGA-AC-A2FG-01A,14.29228108871778,6.896698483418258
TCGA-AC-A2FK-01A,13.17450776129328,7.7124807839513485
TCGA-AC-A2FM-01A,13.58883823180798,6.244534871161583
TCGA-AC-A2FO-01A,14.703331311512141,8.824649106177725
TCGA-AC-A2QH-01A,14.2676520774389,5.111641773091871
TCGA-AC-A2QI-01A,15.563474672677842,7.761049294907986
TCGA-AC-A2QJ-01A,16.227139913241082,7.69184570463352
TCGA-AC-A3BB-01A,15.567426189715821,9.172787659367819
TCGA-AC-A3EH-01A,15.28021993314618,6.673940157290019
TCGA-AC-A3HN-01A,15.765719668096537,8.03001357991585
TCGA-AC-A3OD-01A,13.53381755836188,8.358429032025816
TCGA-AC-A3QP-01A,15.0328970414519,7.673509739821748
TCGA-AC-A3QQ-01B,14.46356560452404,7.400508961083311
TCGA-AC-A3TM-01A,14.09361948423809,8.270601386637638
TCGA-AC-A3TN-01A,14.453336390132085,6.69870444607082
TCGA-AC-A3W5-01A,16.011884699504957,8.66279584032239
TCGA-AC-A3W6-01A,16.0361323689301,8.761625796387504
TCGA-AC-A3W7-01A,15.449510370063601,6.89784495881681
TCGA-AC-A3YI-01A,15.990540525378401,7.534879935602504
TCGA-AC-A3YJ-01A,12.59064283722708,6.779762653195471
TCGA-AC-A4ZE-01A,13.052904885329383,7.190833527916581
TCGA-AC-A5EH-01A,15.69427745310536,7.037782340611122
TCGA-AC-A5XS-01A,14.0831738240549,8.57804721214743
TCGA-AC-A5XU-01A,15.397441887907258,6.757565779067237
TCGA-AC-A62V-01A,15.19686263382454,5.884898721873602
TCGA-AC-A62X-01A,12.557705708498073,5.490286881866091
TCGA-AC-A62Y-01A,13.956347436181499,7.3628743715229374
TCGA-AC-A6IV-01A,15.40078202476874,8.437574061208792
TCGA-AC-A6IW-01A,12.087872370118319,9.763593448848178
TCGA-AC-A6IX-01A,15.231833854970763,7.473560661072583
TCGA-AC-A6NO-01A,14.401916906675899,6.48911789744236
TCGA-AC-A7VB-01A,12.484094500469766,5.668277410508731
TCGA-AC-A7VC-01A,16.08010331587153,6.279761248010128
TCGA-AC-A8OP-01A,14.69583669550634,7.192747567021805
TCGA-AC-A8OQ-01A,14.743447486622241,8.576947495554851
TCGA-AC-A8OR-01A,11.67169578779081,5.494598278203598
TCGA-AC-A8OS-01A,15.405472284089342,8.037577661005177
TCGA-AN-A03X-01A,16.7591528709576,6.467671887563564
TCGA-AN-A03Y-01A,13.93341900184446,7.837239252895791
TCGA-AN-A041-01A,16.225566361230563,5.917091767975932
TCGA-AN-A046-01A,14.8536326187769,9.24651739530543
TCGA-AN-A049-01A,15.31864102299806,7.389758979987247
TCGA-AN-A04A-01A,16.33897461830828,6.918930593001336
TCGA-AN-A04C-01A,13.473642033450776,7.195770331298145
TCGA-AN-A04D-01A,12.085440794967386,5.772436308903169
TCGA-AN-A0AJ-01A,14.318546519256902,9.249819671104728
TCGA-AN-A0AK-01A,13.603731293272418,7.323673622255116
TCGA-AN-A0AL-01A,15.511456238273002,8.197076191504868
TCGA-AN-A0AM-01A,14.581927345184202,8.439543308492865
TCGA-AN-A0AR-01A,13.090512357310564,5.9563212714156135
TCGA-AN-A0AS-01A,15.9759902367807,6.579551565189221
TCGA-AN-A0AT-01A,13.001829787615787,8.302170576089651
TCGA-AN-A0FD-01A,16.0245593103058,7.8703045516193475
TCGA-AN-A0FF-01A,14.56323624620806,7.4266655795080325
TCGA-AN-A0FJ-01A,13.965855907881803,7.012774529000138
TCGA-AN-A0FK-01A,14.54576224639888,6.1618859172844465
TCGA-AN-A0FL-01A,13.081277322363954,5.937560872903731
TCGA-AN-A0FN-01A,16.71786256248372,9.173847261543782
TCGA-AN-A0FS-01A,15.438242626914398,6.178503325292888
TCGA-AN-A0FT-01A,14.84847946724472,7.359118163169792
TCGA-AN-A0FV-01A,15.566672681969658,4.698148883098793
TCGA-AN-A0FW-01A,14.49500311797554,7.498818295735329
TCGA-AN-A0FX-01A,15.00857500164166,7.082236172543199
TCGA-AN-A0FY-01A,15.204920932489918,6.555191841186783
TCGA-AN-A0FZ-01A,15.19548701252432,5.213617258414542
TCGA-AN-A0G0-01A,14.049348937865,7.298281339732694
TCGA-AN-A0XL-01A,15.249774854885441,6.582120640394587
TCGA-AN-A0XN-01A,16.51870156712966,7.008713302116229
TCGA-AN-A0XO-01A,15.33650229991576,5.097144891551191
TCGA-AN-A0XP-01A,14.869692119754301,5.688079332502253
TCGA-AN-A0XR-01A,14.157948162204638,5.278242232039575
TCGA-AN-A0XS-01A,15.305674902511038,8.245615280750107
TCGA-AN-A0XT-01A,13.74466091113668,6.122067227127968
TCGA-AN-A0XU-01A,12.771706436236292,9.067792067986263
TCGA-AN-A0XV-01A,14.8351836421179,7.575027442761404
TCGA-AN-A0XW-01A,16.00872433739218,9.45824591215185
TCGA-AO-A03L-01A,15.38938046120442,7.625621557235953
TCGA-AO-A03M-01B,14.36652352730594,9.275232514693283
TCGA-AO-A03N-01B,15.254311798970217,6.0526869380709885
TCGA-AO-A03O-01A,13.161951763985524,8.273917063460635
TCGA-AO-A03P-01A,13.99677432953456,6.317438108738929
TCGA-AO-A03R-01A,13.35746225545817,8.871944826368155
TCGA-AO-A03T-01A,13.653204277948475,8.111810971646644
TCGA-AO-A03U-01B,15.15181644466378,8.5821100653169
TCGA-AO-A03V-01A,14.313231277394019,6.976871367020893
TCGA-AO-A0J2-01A,13.781120838250553,8.933651950452099
TCGA-AO-A0J3-01A,12.025836638630127,6.410960546190205
TCGA-AO-A0J4-01A,14.5285774874975,8.793168648225187
TCGA-AO-A0J5-01A,16.37811577871622,6.576971017522001
TCGA-AO-A0J6-01A,12.232414836071687,9.525645121497897
TCGA-AO-A0J7-01A,14.276091402955819,5.682687260965925
TCGA-AO-A0J8-01A,14.853119556767378,7.664367577412833
TCGA-AO-A0J9-01A,15.126399307439602,8.613773975184802
TCGA-AO-A0JA-01A,15.944934589464898,7.231729387223802
TCGA-AO-A0JB-01A,13.79523042172101,7.784713768982478
TCGA-AO-A0JC-01A,12.410256096904542,11.705208158800229
TCGA-AO-A0JD-01A,12.877522664749074,7.794453589714714
TCGA-AO-A0JE-01A,15.947633511763758,9.089235811843324
TCGA-AO-A0JF-01A,15.7166057920363,8.048618119506832
TCGA-AO-A0JG-01A,14.6604338599255,8.904822769533563
TCGA-AO-A0JI-01A,12.58051016687047,6.653717293881633
TCGA-AO-A0JJ-01A,14.95944352409482,8.615845348982315
TCGA-AO-A0JL-01A,14.207156980964282,7.217395255995533
TCGA-AO-A0JM-01A,15.935265701498082,7.027670606609507
TCGA-AO-A124-01A,12.792139483066695,7.671980919595684
TCGA-AO-A125-01A,11.411899112382624,4.207167850340596
TCGA-AO-A126-01A,15.721221703963261,7.364352607854635
TCGA-AO-A128-01A,12.94378116912452,11.735827707231858
TCGA-AO-A129-01A,13.846392678623172,9.286086125832812
TCGA-AO-A12A-01A,14.763340162071557,7.638546734457251
TCGA-AO-A12B-01A,12.852936155012287,6.389210388809619
TCGA-AO-A12C-01A,16.16703034994152,5.54354466505452
TCGA-AO-A12D-01A,15.457674850687479,8.955404292763957
TCGA-AO-A12E-01A,13.8824563575322,6.309592148578997
TCGA-AO-A12F-01A,14.85729439289482,6.171937748243523
TCGA-AO-A12G-01A,15.06206851039432,7.030627243389955
TCGA-AO-A12H-01A,12.986702573558603,5.707587601900116
TCGA-AO-A1KO-01A,13.787404013414823,7.0116489188908675
TCGA-AO-A1KP-01A,13.7489977721982,5.310705758678779
TCGA-AO-A1KQ-01A,14.119726352736478,9.056983301245998
TCGA-AO-A1KR-01A,12.166722774353282,8.986385627722091
TCGA-AO-A1KS-01A,13.51676921284024,6.932784307974326
TCGA-AO-A1KT-01A,15.17284711114714,6.390594777020325
TCGA-AQ-A04H-01B,14.230730363587941,6.671020112165889
TCGA-AQ-A04J-01A,14.376836102144102,8.889685931044857
TCGA-AQ-A04L-01B,15.31143523683688,5.719252515758941
TCGA-AQ-A0Y5-01A,15.841927968421098,5.254455408057453
TCGA-AQ-A1H2-01A,13.307459754551175,6.469074581131978
TCGA-AQ-A1H3-01A,14.793377207649261,7.773152757486903
TCGA-AQ-A54N-01A,9.513137558684546,6.855081882194687
TCGA-AQ-A54O-01A,13.50140316249884,7.095395842479261
TCGA-AQ-A7U7-01A,15.49772226236116,9.836948317083595
TCGA-AR-A0TP-01A,13.515365347768196,5.479912552372879
TCGA-AR-A0TQ-01A,14.045945735895199,8.766621836401804
TCGA-AR-A0TR-01A,10.967727988559394,6.854542962669943
TCGA-AR-A0TS-01A,14.2610841493624,9.301321361621886
TCGA-AR-A0TT-01A,14.546282602112061,9.665987856148442
TCGA-AR-A0TU-01A,11.722404797113532,9.25501041369968
TCGA-AR-A0TV-01A,12.495789348373211,8.625795049903601
TCGA-AR-A0TW-01A,13.94073083285112,9.279602739112521
TCGA-AR-A0TX-01A,14.725630727542779,9.292337150546766
TCGA-AR-A0TY-01A,13.71356065405096,5.9761694246001635
TCGA-AR-A0TZ-01A,14.36053343225944,5.972912482167147
TCGA-AR-A0U0-01A,13.3306019914727,9.871718985438529
TCGA-AR-A0U2-01A,13.599239039483042,8.37637023309382
TCGA-AR-A0U3-01A,13.41567745966898,6.905012799213263
TCGA-AR-A0U4-01A,13.753657852831259,8.014613656573664
TCGA-AR-A1AH-01A,13.435382693739811,5.452439838482006
TCGA-AR-A1AI-01A,12.556677167320467,9.736720228130391
TCGA-AR-A1AJ-01A,14.022413269865059,10.017770660567493
TCGA-AR-A1AK-01A,14.13350023349972,8.6606547869183
TCGA-AR-A1AL-01A,15.170040062785759,7.402725150366264
TCGA-AR-A1AM-01A,14.806302910864261,7.65243517841995
TCGA-AR-A1AN-01A,15.772625560034061,6.666344986084761
TCGA-AR-A1AO-01A,15.51930926331396,9.582739665346141
TCGA-AR-A1AP-01A,14.74112621575966,7.300633190915201
TCGA-AR-A1AQ-01A,14.08285560666678,9.885942598443432
TCGA-AR-A1AR-01A,14.2048356965008,8.720329269417686
TCGA-AR-A1AS-01A,14.7586235222104,4.4299875312878525
TCGA-AR-A1AT-01A,14.36863908455544,9.124850612917017
TCGA-AR-A1AU-01A,15.24504645285864,6.782421087594878
TCGA-AR-A1AV-01A,15.05511772328136,5.385942686901902
TCGA-AR-A1AW-01A,13.714232091979062,10.661828445314722
TCGA-AR-A1AX-01A,14.648854146648981,9.69189833923649
TCGA-AR-A1AY-01A,14.27877086749464,6.040539507597478
TCGA-AR-A24H-01A,13.126502275157122,7.804068677501009
TCGA-AR-A24K-01A,14.194292715987839,5.390481484626591
TCGA-AR-A24L-01A,15.63813996234972,6.4244212113660355
TCGA-AR-A24M-01A,15.324522588163259,5.556237751754653
TCGA-AR-A24N-01A,15.086582477821022,6.592184540362697
TCGA-AR-A24O-01A,15.717252934976381,7.755534574504345
TCGA-AR-A24P-01A,15.51613334389884,6.705215440531595
TCGA-AR-A24Q-01A,15.2831730261845,8.502771825581922
TCGA-AR-A24R-01A,14.30427615845476,7.962763122061998
TCGA-AR-A24S-01A,15.14024412018606,7.3099776918340895
TCGA-AR-A24T-01A,15.9810074780425,6.960173370415893
TCGA-AR-A24U-01A,14.595084142331581,8.778187084119711
TCGA-AR-A24V-01A,16.192975212893717,6.571478037385859
TCGA-AR-A24W-01A,14.97126130038944,6.652009471024562
TCGA-AR-A24X-01A,15.03108744234712,7.259725956091904
TCGA-AR-A24Z-01A,13.53808689868832,6.230798020557472
TCGA-AR-A250-01A,15.996243494967697,7.4619888872221605
TCGA-AR-A251-01A,14.101790549146278,7.650335629128429
TCGA-AR-A252-01A,14.12309132392792,10.111433042811466
TCGA-AR-A254-01A,15.32292659425364,8.538701811624243
TCGA-AR-A255-01A,15.4462250484397,7.900582897998675
TCGA-AR-A256-01A,13.43929315013494,6.830304888809779
TCGA-AR-A2LE-01A,13.961591025190298,7.0281925471049
TCGA-AR-A2LH-01A,14.193499871270404,9.401744633276765
TCGA-AR-A2LJ-01A,15.10327572754652,8.474645984938572
TCGA-AR-A2LK-01A,14.652779445607958,6.217129012994714
TCGA-AR-A2LL-01A,13.753710916227021,6.800609778388428
TCGA-AR-A2LM-01A,15.66614556909622,7.344569550561973
TCGA-AR-A2LN-01A,15.608286510558699,7.497760777827667
TCGA-AR-A2LO-01A,14.8646110032447,8.588609008536809
TCGA-AR-A2LQ-01A,16.84970739029458,6.5834663887595255
TCGA-AR-A2LR-01A,14.42464538726008,7.043829068249115
TCGA-AR-A5QM-01A,14.97506971955772,7.481308872333548
TCGA-AR-A5QN-01A,14.639433464281918,7.094403181062951
TCGA-AR-A5QP-01A,15.035885644621283,7.607219142074841
TCGA-AR-A5QQ-01A,14.45063458675516,9.792674705518477
TCGA-B6-A0I1-01A,11.612022640853773,5.996098795892288
TCGA-B6-A0I2-01A,11.91303111407429,10.835351770827229
TCGA-B6-A0I5-01A,14.488910922509325,7.45698886611124
TCGA-B6-A0I6-01A,15.05385682999312,6.587920905876098
TCGA-B6-A0I8-01A,14.78151736308788,5.358486804841256
TCGA-B6-A0I9-01A,13.64744995392258,7.093264686152948
TCGA-B6-A0IA-01A,12.37203519395118,5.021454577128701
TCGA-B6-A0IB-01A,13.20738018343243,5.745852859293758
TCGA-B6-A0IC-01A,10.501640294910867,4.279716874470364
TCGA-B6-A0IE-01A,13.968946970296894,6.835542976185526
TCGA-B6-A0IG-01A,14.7468374618639,7.040588174752645
TCGA-B6-A0IH-01A,15.48700536044602,8.347208229691358
TCGA-B6-A0IJ-01A,12.635642558642893,9.34202768883499
TCGA-B6-A0IK-01A,14.128760950562082,7.504718360675532
TCGA-B6-A0IM-01A,15.0662880390224,6.220368552489297
TCGA-B6-A0IN-01A,14.706500758551641,8.099732788188927
TCGA-B6-A0IO-01A,13.280546635139387,7.295654178738959
TCGA-B6-A0IP-01A,14.108712348431101,7.119607233727446
TCGA-B6-A0IQ-01A,13.11426730587905,8.156899282982776
TCGA-B6-A0RE-01A,14.364893171532,6.2525055341231095
TCGA-B6-A0RG-01A,15.005534463954262,5.586941283718701
TCGA-B6-A0RH-01A,15.154187998600099,7.160397941282185
TCGA-B6-A0RI-01A,15.658069065262719,5.944779895908373
TCGA-B6-A0RL-01A,8.937400019985006,4.694349373163512
TCGA-B6-A0RM-01A,12.987120952155275,6.277124271936911
TCGA-B6-A0RN-01A,15.697152625183742,6.109387649803756
TCGA-B6-A0RO-01A,13.398425310291719,6.621585172884784
TCGA-B6-A0RP-01A,15.278728769725438,7.774058416785545
TCGA-B6-A0RQ-01A,13.204367219693447,6.141791623403764
TCGA-B6-A0RS-01A,14.257145551645618,8.56068487316173
TCGA-B6-A0RT-01A,13.58403773298264,11.436460946613526
TCGA-B6-A0RU-01A,14.048409424706753,6.846715330995798
TCGA-B6-A0RV-01A,13.581930001379547,8.245583086645253
TCGA-B6-A0WS-01A,14.96084097970494,8.727283931276324
TCGA-B6-A0WT-01A,15.45359637247868,6.201451959491898
TCGA-B6-A0WV-01A,13.9692329479038,5.202009335990617
TCGA-B6-A0WW-01A,15.04584916175288,6.57689086012195
TCGA-B6-A0WX-01A,15.81595407638444,7.8301043196166376
TCGA-B6-A0WY-01A,15.029413074078638,7.580700836926874
TCGA-B6-A0WZ-01A,14.2167697824274,5.768117365765504
TCGA-B6-A0X0-01A,13.361673669159728,6.5829385961874225
TCGA-B6-A0X1-01A,11.644613411594731,9.308464809920732
TCGA-B6-A0X4-01A,12.185626186284669,4.2971835085564765
TCGA-B6-A0X5-01A,13.355268306962055,5.084853737341393
TCGA-B6-A0X7-01A,15.28230186741168,6.202898313183093
TCGA-B6-A1KC-01B,12.924888912545146,5.824228463361929
TCGA-B6-A1KF-01A,14.13551545518634,4.549718384020826
TCGA-B6-A1KI-01A,14.95222867110104,5.954412986158023
TCGA-B6-A1KN-01A,14.541433663299719,7.1550297232348905
TCGA-B6-A2IU-01A,13.704514299170006,6.043814740150916
TCGA-B6-A3ZX-01A,13.228046768136483,9.991954020878724
TCGA-B6-A400-01A,14.879200918400539,7.408011004953956
TCGA-B6-A401-01A,14.859128210963581,7.772805785295771
TCGA-B6-A402-01A,13.414395196190625,5.995928912277767
TCGA-B6-A408-01A,14.367198128776138,8.051188195647649
TCGA-B6-A409-01A,13.760095110685265,7.187194863792977
TCGA-B6-A40B-01A,15.230595676802182,6.1524766007633644
TCGA-B6-A40C-01A,15.22704105097058,7.251951422961909
TCGA-BH-A0AU-01A,15.40924390191446,7.653473730477095
TCGA-BH-A0AV-01A,16.24384865963796,6.570508925759461
TCGA-BH-A0AW-01A,14.890377913001402,9.913460862187497
TCGA-BH-A0AY-01A,15.684770915986599,8.068471303191187
TCGA-BH-A0AZ-01A,16.91745028464506,7.4152619775370825
TCGA-BH-A0B0-01A,15.872926802014382,8.630279563895694
TCGA-BH-A0B1-01A,15.086055923410418,6.9721596178471925
TCGA-BH-A0B2-01A,15.549268207385259,8.98863863941067
TCGA-BH-A0B3-01A,14.979028404118079,8.557901860440726
TCGA-BH-A0B4-01A,15.918641532784562,7.8497480043878705
TCGA-BH-A0B5-01A,15.202819898053841,7.490593684832105
TCGA-BH-A0B6-01A,14.764987295051421,10.95594680924341
TCGA-BH-A0B7-01A,14.839534219294919,9.01104254023316
TCGA-BH-A0B8-01A,14.29183420948308,6.7561806607273684
TCGA-BH-A0B9-01A,11.77881314875402,9.843073899859576
TCGA-BH-A0BA-01A,14.317779160223258,7.644778387616865
TCGA-BH-A0BC-01A,15.04539981575806,7.995425952725496
TCGA-BH-A0BD-01A,14.8674970072661,8.214504248882289
TCGA-BH-A0BF-01A,16.0376992552574,9.689310355484379
TCGA-BH-A0BG-01A,13.59108743201212,9.425738526571584
TCGA-BH-A0BJ-01A,15.331986584683841,7.637018017830684
TCGA-BH-A0BL-01A,15.69748128972152,8.881291357004178
TCGA-BH-A0BM-01A,14.790676904060081,7.198387311946576
TCGA-BH-A0BO-01A,15.33114454631262,6.92710816659015
TCGA-BH-A0BP-01A,15.260880737146039,6.5371493664693165
TCGA-BH-A0BQ-01A,15.757589830342221,8.36220183497178
TCGA-BH-A0BR-01A,15.945790730853158,7.7018690596101065
TCGA-BH-A0BS-01A,13.340979652703975,5.2490270769961835
TCGA-BH-A0BT-01A,14.376624869685461,8.114203440738619
TCGA-BH-A0BV-01A,15.326585171305641,7.766001375720206
TCGA-BH-A0BW-01A,13.370200954636251,8.884697750240615
TCGA-BH-A0BZ-01A,15.630161785136801,9.667640835734803
TCGA-BH-A0C0-01A,13.162557969681004,10.288491652030336
TCGA-BH-A0C1-01B,15.379667041112123,8.211490060470897
TCGA-BH-A0C3-01A,15.37567748155918,8.233886822832135
TCGA-BH-A0C7-01B,15.117639099571642,7.134104628632755
TCGA-BH-A0DD-01A,13.890309814646221,7.124059325503356
TCGA-BH-A0DE-01A,14.72207035359894,7.62435855401546
TCGA-BH-A0DG-01A,16.136900491236723,8.022590080845768
TCGA-BH-A0DH-01A,13.99600139292222,7.088823888315355
TCGA-BH-A0DI-01A,16.58065413804626,7.911628305894984
TCGA-BH-A0DK-01A,15.31334940334688,9.33312191591648
TCGA-BH-A0DL-01A,12.867622683856325,9.032930316896836
TCGA-BH-A0DO-01B,14.14444109616566,6.451448234588217
TCGA-BH-A0DP-01A,15.37255626375418,7.764377912252036
TCGA-BH-A0DQ-01A,16.014312850551217,6.9244430045001755
TCGA-BH-A0DS-01A,14.92432548335098,7.893597290740293
TCGA-BH-A0DT-01A,14.954796767908741,7.696919090692594
TCGA-BH-A0DV-01A,16.54658944850096,7.2315889041300965
TCGA-BH-A0DX-01A,15.83273618123728,7.336158823590833
TCGA-BH-A0DZ-01A,16.18959539375314,7.722714513510547
TCGA-BH-A0E0-01A,12.785233869200509,6.6445193342500755
TCGA-BH-A0E1-01A,14.82750705259212,5.685892052220487
TCGA-BH-A0E2-01A,15.33776967644408,7.663850605548106
TCGA-BH-A0E6-01A,13.957387656635229,8.211479468917332
TCGA-BH-A0E7-01A,14.391508031166719,4.865985289194783
TCGA-BH-A0E9-01B,14.03997383157546,7.677583447214739
TCGA-BH-A0EA-01A,15.02415288713838,6.84597287111854
TCGA-BH-A0EB-01A,15.357558305200959,7.792408979657968
TCGA-BH-A0EE-01A,11.528990235776513,7.8971179174723645
TCGA-BH-A0EI-01A,15.970067977519738,5.081126860827881
TCGA-BH-A0GY-01A,14.749193870242038,7.565925849699051
TCGA-BH-A0GZ-01A,15.28484965620618,6.642532753621137
TCGA-BH-A0H0-01A,11.995512399283367,6.411606525653623
TCGA-BH-A0H3-01A,15.487750373034242,7.494830236678246
TCGA-BH-A0H5-01A,14.00140910727562,11.182983737779676
TCGA-BH-A0H6-01A,15.44955317108664,5.809810161098901
TCGA-BH-A0H7-01A,16.43594824111004,6.976594728383697
TCGA-BH-A0H9-01A,14.20843498747988,6.6382024268148205
TCGA-BH-A0HA-01A,15.866280069702139,8.419545139671685
TCGA-BH-A0HB-01A,14.157990870763943,8.727872214951194
TCGA-BH-A0HF-01A,15.48081778328634,7.627024601244407
TCGA-BH-A0HI-01A,14.962789679285402,6.436086634889953
TCGA-BH-A0HK-01A,14.39166118438126,6.908519954012623
TCGA-BH-A0HL-01A,13.206759716485223,4.5647546136336326
TCGA-BH-A0HN-01A,12.185521750334313,5.122633047834129
TCGA-BH-A0HO-01A,14.038149869866398,6.428095082013678
TCGA-BH-A0HP-01A,14.846569315148821,7.32200544549607
TCGA-BH-A0HQ-01A,15.59134385857798,6.018492155273939
TCGA-BH-A0HU-01A,14.016998758003307,7.319116337539833
TCGA-BH-A0HW-01A,12.423814589441545,4.7544599013718525
TCGA-BH-A0HX-01A,14.9773766851158,6.812981928814558
TCGA-BH-A0HY-01A,15.18666740173174,6.128102958247868
TCGA-BH-A0RX-01A,14.644452818860259,10.58278185184347
TCGA-BH-A0W3-01A,12.946534001694314,5.424306580835013
TCGA-BH-A0W4-01A,15.32627247342314,5.947664483100627
TCGA-BH-A0W5-01A,14.904149337053141,9.02973563997352
TCGA-BH-A0W7-01A,15.331422702653601,9.058716017599169
TCGA-BH-A0WA-01A,14.55120531955048,7.7160459220479245
TCGA-BH-A18F-01A,15.14046587549866,8.16260287148145
TCGA-BH-A18G-01A,14.809538551267801,7.362542302155782
TCGA-BH-A18H-01A,13.676798447717221,10.202697741973198
TCGA-BH-A18I-01A,15.80319978859028,8.044996861201415
TCGA-BH-A18J-01A,15.299060772235938,5.636070728671945
TCGA-BH-A18K-01A,15.52895716452176,6.404796636524469
TCGA-BH-A18L-01A,12.334603246607227,6.4439392276078875
TCGA-BH-A18M-01A,15.6163147035842,7.085194396106003
TCGA-BH-A18N-01A,14.000689903633376,5.0143600214841015
TCGA-BH-A18P-01A,14.896064836059201,7.609426051347877
TCGA-BH-A18Q-01A,13.219104758680462,8.611030667358241
TCGA-BH-A18R-01A,14.123018040222018,7.392490829394391
TCGA-BH-A18S-01A,12.547301804482245,5.98007239373892
TCGA-BH-A18T-01A,13.37743052441374,7.571187221958498
TCGA-BH-A18U-01A,14.63008810208946,7.0665585915889055
TCGA-BH-A18V-01A,14.731440262267762,8.55668469314926
TCGA-BH-A1EN-01A,14.545516675182961,5.965780824941922
TCGA-BH-A1EO-01A,16.0003248906831,6.998147417235077
TCGA-BH-A1ES-01A,15.02575424708122,5.100834303445483
TCGA-BH-A1ET-01A,14.70243928457926,7.198760598153574
TCGA-BH-A1EU-01A,14.77814418333756,8.607045595205703
TCGA-BH-A1EV-01A,15.25280624567526,5.157056497950903
TCGA-BH-A1EW-01A,13.593300766733842,8.376888623609762
TCGA-BH-A1EX-01A,15.125434987269259,7.1593770942427835
TCGA-BH-A1EY-01A,15.409557962394478,8.12778453816041
TCGA-BH-A1F0-01A,14.24312466391488,9.521919424091744
TCGA-BH-A1F2-01A,15.282150792229121,5.742712707448667
TCGA-BH-A1F5-01A,13.651882052098959,5.436321435871323
TCGA-BH-A1F6-01A,14.00787780159192,9.039179961824212
TCGA-BH-A1F8-01A,14.363496323708699,6.900038621820662
TCGA-BH-A1FB-01A,15.211579471225019,8.884706171376985
TCGA-BH-A1FC-01A,13.317046799977893,9.88814544867121
TCGA-BH-A1FD-01A,14.54564978288102,5.756903689397759
TCGA-BH-A1FE-01A,15.36183393606026,9.01290435411397
TCGA-BH-A1FG-01A,13.36783538589611,6.449241479895771
TCGA-BH-A1FH-01A,16.52766272513176,7.287236381079626
TCGA-BH-A1FJ-01A,13.64853860802624,5.2365145009856695
TCGA-BH-A1FL-01A,14.10706030345312,6.507106230610164
TCGA-BH-A1FM-01A,15.45879260413154,5.562695028312751
TCGA-BH-A1FN-01A,14.767162513593618,6.383611229585646
TCGA-BH-A1FR-01A,13.539731648073863,7.322402060910732
TCGA-BH-A1FU-01A,15.68711430399922,7.969918209513069
TCGA-BH-A201-01A,15.61655682255344,6.436677164858945
TCGA-BH-A202-01A,14.35412315631294,8.669824793914197
TCGA-BH-A203-01A,14.36319029544336,8.179197194322965
TCGA-BH-A204-01A,14.194476501629259,5.209897584089575
TCGA-BH-A208-01A,17.64993780925916,7.3770309270428385
TCGA-BH-A209-01A,13.379247493491699,10.274327979625292
TCGA-BH-A28O-01A,15.58803288717938,7.5713509441886755
TCGA-BH-A28Q-01A,14.88906359175922,6.770912556184497
TCGA-BH-A2L8-01A,15.096911368856421,9.833412726350918
TCGA-BH-A42T-01A,14.34921313490921,7.151976074981656
TCGA-BH-A42U-01A,14.484993800960263,8.66875835223996
TCGA-BH-A42V-01A,14.64933658771336,7.956189132770409
TCGA-BH-A5IZ-01A,13.681070545878821,6.691804237807675
TCGA-BH-A5J0-01A,15.31275021244762,8.802098220779387
TCGA-BH-A6R8-01A,13.644700283758016,7.815859723093191
TCGA-BH-A6R9-01A,17.27032721847106,8.81232531227712
TCGA-BH-A8FY-01A,11.75170327686031,5.166719808617972
TCGA-BH-A8FZ-01A,14.70097414135632,8.514520206861393
TCGA-BH-A8G0-01A,15.575392364144239,8.150570931639558
TCGA-BH-AB28-01A,14.483070859798442,7.558082720733631
TCGA-C8-A12K-01A,13.362096254457928,10.211548011276324
TCGA-C8-A12L-01A,14.234079368167318,7.44463516433273
TCGA-C8-A12M-01A,13.432382115888482,7.562544590622097
TCGA-C8-A12N-01A,15.81891903314298,6.565010036985627
TCGA-C8-A12O-01A,15.886626442298859,7.51825155483049
TCGA-C8-A12P-01A,15.583270663221521,7.259612798243318
TCGA-C8-A12Q-01A,15.1162923979591,7.003170048454676
TCGA-C8-A12T-01A,16.24148082418708,7.244772823714705
TCGA-C8-A12U-01A,12.237157378172249,9.397140569431611
TCGA-C8-A12V-01A,13.255983677770624,11.170551851295253
TCGA-C8-A12W-01A,15.811597764549381,7.081131072645569
TCGA-C8-A12X-01A,13.612167454313617,6.887337530408581
TCGA-C8-A12Y-01A,14.74962083537046,6.874041082330377
TCGA-C8-A12Z-01A,14.953919196447739,5.459142700804422
TCGA-C8-A130-01A,14.81199747641548,7.6246823036741
TCGA-C8-A131-01A,15.41095797574366,7.7924375028971635
TCGA-C8-A132-01A,15.57569754079016,8.930463185709675
TCGA-C8-A133-01A,10.869961700946394,5.20090653771133
TCGA-C8-A134-01A,12.801824343831452,8.55157675394241
TCGA-C8-A135-01A,15.04705974598898,8.048717282804805
TCGA-C8-A137-01A,15.34400444851708,5.45599138811651
TCGA-C8-A138-01A,15.338711891819319,9.819177622056348
TCGA-C8-A1HE-01A,14.028407534424,6.428068245557888
TCGA-C8-A1HF-01A,15.448223274124,9.55922803551183
TCGA-C8-A1HG-01A,14.284003175306541,9.663552068866611
TCGA-C8-A1HI-01A,14.192955362590041,6.586614846565842
TCGA-C8-A1HJ-01A,13.012455155520247,7.97632006738164
TCGA-C8-A1HK-01A,13.66194113516668,7.3500092285280605
TCGA-C8-A1HL-01A,15.1174731002799,6.201137269401809
TCGA-C8-A1HM-01A,12.557160517005528,11.210636503680647
TCGA-C8-A1HN-01A,13.871604988757678,6.22143338985873
TCGA-C8-A1HO-01A,13.526284723457149,6.599141140659358
TCGA-C8-A26V-01A,14.279129221365759,7.292989726924998
TCGA-C8-A26W-01A,14.749246378913421,8.30293914867645
TCGA-C8-A26X-01A,14.91759116073286,9.761111130221627
TCGA-C8-A26Y-01A,13.31722656920439,7.283271885223651
TCGA-C8-A26Z-01A,14.87562709693536,5.799250244840125
TCGA-C8-A273-01A,15.311917581688679,6.4410904958404505
TCGA-C8-A274-01A,13.607688869923459,5.9717906356989365
TCGA-C8-A275-01A,14.10744734011322,9.320087281546952
TCGA-C8-A278-01A,14.892651182843881,8.816788443825196
TCGA-C8-A27A-01A,13.651508018811631,6.271045485849749
TCGA-C8-A27B-01A,12.515977597992123,9.577325839188584
TCGA-C8-A3M7-01A,14.289942413564,7.450325498226662
TCGA-C8-A3M8-01A,14.86123199370646,6.214697757900231
TCGA-C8-A8HP-01A,14.14940585543718,9.302136948116273
TCGA-C8-A8HQ-01A,15.70073633454802,8.365825914428395
TCGA-C8-A8HR-01A,15.73481794740978,8.670870067290947
TCGA-D8-A13Y-01A,13.751569416267007,5.334021241273165
TCGA-D8-A13Z-01A,14.96603118921312,7.932261570027849
TCGA-D8-A140-01A,14.137996580355761,7.70859926109713
TCGA-D8-A141-01A,16.2709773547066,9.521708699022634
TCGA-D8-A142-01A,15.904028664374419,7.530434855588957
TCGA-D8-A143-01A,13.254392617250307,8.155429069253286
TCGA-D8-A145-01A,15.02314088677044,7.362865475603433
TCGA-D8-A146-01A,15.525263469194442,7.299650809919274
TCGA-D8-A147-01A,13.279741633262422,7.821006657243365
TCGA-D8-A1J8-01A,14.26325687662594,9.704350296962067
TCGA-D8-A1J9-01A,15.094489788480121,6.613032462114196
TCGA-D8-A1JA-01A,14.584454178399042,6.155057243182932
TCGA-D8-A1JB-01A,14.215718744877659,9.538284026320241
TCGA-D8-A1JC-01A,14.97205107321862,7.7909439083796155
TCGA-D8-A1JD-01A,15.642674047874042,6.87840207273238
TCGA-D8-A1JE-01A,15.72134620219686,6.7198034966131654
TCGA-D8-A1JF-01A,14.97224066738876,7.402870634254728
TCGA-D8-A1JG-01B,14.590270228190542,8.523873258855932
TCGA-D8-A1JH-01A,15.45110916381744,7.456426876675901
TCGA-D8-A1JI-01A,12.400319672666592,6.1570437059956955
TCGA-D8-A1JJ-01A,15.541632283016162,6.5392733336710664
TCGA-D8-A1JK-01A,15.12895441177264,9.221864673430725
TCGA-D8-A1JL-01A,14.485110873939359,9.300624947916324
TCGA-D8-A1JM-01A,11.180602440580625,8.604509483370647
TCGA-D8-A1JN-01A,11.699089345864788,7.3040782885153686
TCGA-D8-A1JP-01A,15.48892753551894,7.599019349912926
TCGA-D8-A1JS-01A,11.563972983982254,5.5385031941956555
TCGA-D8-A1JT-01A,12.11378453754548,5.524952650062504
TCGA-D8-A1JU-01A,16.077119474599943,8.135772916306069
TCGA-D8-A1X5-01A,15.257620348253022,6.9693232140763115
TCGA-D8-A1X6-01A,12.866073426198279,6.216694303251203
TCGA-D8-A1X7-01A,14.503954988346559,5.758941012614635
TCGA-D8-A1X8-01A,14.36006483850536,7.313140555598208
TCGA-D8-A1X9-01A,15.140608505717982,7.44336125991754
TCGA-D8-A1XA-01A,14.439704335858039,6.237422177949897
TCGA-D8-A1XB-01A,16.02796735238426,6.0012967698721855
TCGA-D8-A1XC-01A,11.695211443332354,4.874326270353011
TCGA-D8-A1XD-01A,15.43267540595142,5.244676545962515
TCGA-D8-A1XF-01A,13.13319142815735,6.375540798968615
TCGA-D8-A1XG-01A,14.47461453944454,4.749565140313988
TCGA-D8-A1XJ-01A,14.863537176590679,5.501356868266931
TCGA-D8-A1XK-01A,11.946515727101238,8.547383564327049
TCGA-D8-A1XL-01A,13.364680427482336,9.426509498485485
TCGA-D8-A1XM-01A,15.16740362079434,8.267101597692882
TCGA-D8-A1XO-01A,15.5313789773709,6.9371961910572555
TCGA-D8-A1XQ-01A,13.965218747282918,8.48806082662839
TCGA-D8-A1XR-01A,14.28910997571234,5.693243346122515
TCGA-D8-A1XS-01A,15.077340132221419,6.874272697666512
TCGA-D8-A1XT-01A,15.58524358963778,6.965935666478832
TCGA-D8-A1XU-01A,15.736541837733261,6.577898119397015
TCGA-D8-A1XV-01A,12.305615403479813,5.111165994665508
TCGA-D8-A1XW-01A,14.447506141567398,7.392592728918929
TCGA-D8-A1XY-01A,15.59839481085498,5.855969747271102
TCGA-D8-A1XZ-01A,14.794585870586321,7.263241801972491
TCGA-D8-A1Y0-01A,14.69482271305472,8.394676619040686
TCGA-D8-A1Y1-01A,15.92152443390828,6.147924448750658
TCGA-D8-A1Y2-01A,15.51277129482996,8.836778894245061
TCGA-D8-A1Y3-01A,13.509600652696994,7.9399771311158585
TCGA-D8-A27E-01A,12.836819616681524,6.849416647558516
TCGA-D8-A27F-01A,14.741045200863102,6.236646843383515
TCGA-D8-A27G-01A,15.48680568729182,8.28641634744578
TCGA-D8-A27H-01A,15.45045244223964,6.235007973986163
TCGA-D8-A27I-01A,15.85986649945302,8.208395032090545
TCGA-D8-A27K-01A,14.66533150942586,7.578258679861837
TCGA-D8-A27L-01A,15.46751749627116,7.6520243880012595
TCGA-D8-A27M-01A,15.13571490786948,9.117526754066793
TCGA-D8-A27N-01A,15.78919335090328,7.454431809684773
TCGA-D8-A27P-01A,14.765913951223538,5.96823239453172
TCGA-D8-A27R-01A,14.39203814813726,8.115160858329606
TCGA-D8-A27T-01A,15.699093845670319,8.308307069073091
TCGA-D8-A27V-01A,14.74175994005302,7.277191044524179
TCGA-D8-A27W-01A,14.32455538080778,7.740645770625842
TCGA-D8-A3Z5-01A,13.464981891589773,6.996917950502407
TCGA-D8-A3Z6-01A,15.265918748720802,6.068931820993603
TCGA-D8-A4Z1-01A,14.649087149228922,7.505120752480873
TCGA-D8-A73U-01A,15.320801109918019,10.37055335498296
TCGA-D8-A73W-01A,14.8262938604993,6.879964745765812
TCGA-D8-A73X-01A,15.170581610651642,6.577435203476189
TCGA-E2-A105-01A,13.64114146897966,5.952215759688175
TCGA-E2-A106-01A,13.75195598694595,5.676758284553107
TCGA-E2-A107-01A,13.44228598768961,6.950602068718118
TCGA-E2-A108-01A,15.383048178579838,10.576136161456493
TCGA-E2-A109-01A,14.843835583702639,6.930507814618815
TCGA-E2-A10A-01A,14.75492541254086,5.540033754400915
TCGA-E2-A10B-01A,14.750824355842138,7.41418573427296
TCGA-E2-A10C-01A,13.502159948301884,8.572247002068993
TCGA-E2-A10E-01A,14.68994474132764,7.324891253485201
TCGA-E2-A10F-01A,15.66582679636422,7.868528968530692
TCGA-E2-A14N-01A,12.04779340008361,8.074723116138168
TCGA-E2-A14O-01A,14.103978857656639,6.749135076890426
TCGA-E2-A14P-01A,13.210475229888203,8.174836173808371
TCGA-E2-A14Q-01A,14.486905081576461,7.522200374978795
TCGA-E2-A14R-01A,12.590577664187784,8.941590225631634
TCGA-E2-A14S-01A,12.777214526107862,7.094096455188743
TCGA-E2-A14T-01A,13.92245209304322,6.318760668180502
TCGA-E2-A14U-01A,11.801736899916513,6.587111536497585
TCGA-E2-A14V-01A,14.668018789764421,6.2671887962679635
TCGA-E2-A14W-01A,13.413178182944819,5.415349274472299
TCGA-E2-A14X-01A,13.895641847444702,8.553249052235296
TCGA-E2-A14Y-01A,13.440759162936313,6.753221833846867
TCGA-E2-A14Z-01A,14.492032948386,9.116508856878742
TCGA-E2-A150-01A,14.51571819955202,7.638893013237042
TCGA-E2-A152-01A,15.979016495147661,6.3826828497972485
TCGA-E2-A153-01A,16.273582573635377,5.878280385396215
TCGA-E2-A154-01A,14.89683515242728,5.5499890661835725
TCGA-E2-A155-01A,12.999723409462728,5.9423353984469625
TCGA-E2-A156-01A,12.336611084466458,4.367083312327895
TCGA-E2-A158-01A,11.715514622095284,6.30821571137826
TCGA-E2-A159-01A,14.19050223770844,9.652491483280006
TCGA-E2-A15A-01A,14.89614862974538,8.20119710762837
TCGA-E2-A15C-01A,14.91847004641286,7.203150274565845
TCGA-E2-A15D-01A,14.244228048664501,7.362116032094758
TCGA-E2-A15E-01A,14.787085590697021,6.46244063006854
TCGA-E2-A15F-01A,13.564103633870639,6.489927227349826
TCGA-E2-A15G-01A,13.363992509727188,5.981765811347015
TCGA-E2-A15H-01A,15.129720495031899,6.363474045792539
TCGA-E2-A15I-01A,14.195216315866839,8.092465423660938
TCGA-E2-A15J-01A,13.943886847029798,5.058162510712712
TCGA-E2-A15K-01A,14.17373232446424,8.661220448554179
TCGA-E2-A15L-01A,15.963439709881897,5.057849627324982
TCGA-E2-A15M-01A,14.63530495263014,9.022220370436735
TCGA-E2-A15O-01A,13.265403638826669,6.484211473278639
TCGA-E2-A15P-01A,14.51115172636822,6.545582638260131
TCGA-E2-A15R-01A,14.09504335868676,5.2119471389078695
TCGA-E2-A15S-01A,12.70811973535505,5.907691392764285
TCGA-E2-A15T-01A,12.778776454790911,5.9144887136470805
TCGA-E2-A1AZ-01A,14.78324553406216,8.840946545968423
TCGA-E2-A1B0-01A,15.23434987108694,8.01986581508219
TCGA-E2-A1B1-01A,15.206634647402979,8.386528083365118
TCGA-E2-A1B4-01A,14.205052114869526,5.733362139481594
TCGA-E2-A1B5-01A,13.788653678507,10.281278071714585
TCGA-E2-A1B6-01A,11.920518574285007,10.98328092397837
TCGA-E2-A1BC-01A,15.5281066399393,6.176455827368189
TCGA-E2-A1BD-01A,14.553291658958404,6.490300763872416
TCGA-E2-A1IE-01A,13.849591939904087,5.546236357341408
TCGA-E2-A1IF-01A,15.52918392901872,7.06298289315111
TCGA-E2-A1IG-01A,15.837399618590501,6.2311632051371975
TCGA-E2-A1IH-01A,15.38233768143252,9.331989598045988
TCGA-E2-A1II-01A,11.985245983759295,11.151240809847534
TCGA-E2-A1IJ-01A,16.086828730708,8.415443889656057
TCGA-E2-A1IK-01A,12.593541467784817,8.36285959584582
TCGA-E2-A1IL-01A,15.021046925702757,6.279871891361748
TCGA-E2-A1IN-01A,16.12456809326008,5.60475829696565
TCGA-E2-A1IO-01A,16.163188689831422,8.098659717087338
TCGA-E2-A1IU-01A,13.309100510440652,7.200959039627078
TCGA-E2-A1L6-01A,14.56345312984404,6.583588248095301
TCGA-E2-A1L7-01A,14.12435068742152,9.226557375171351
TCGA-E2-A1L8-01A,14.75005076345434,7.112587888495989
TCGA-E2-A1L9-01A,15.93634126464672,6.827227938344126
TCGA-E2-A1LA-01A,14.61140514865732,9.695860449526611
TCGA-E2-A1LB-01A,15.147239170075881,6.01662305259215
TCGA-E2-A1LE-01A,15.45241165016262,9.042529011254995
TCGA-E2-A1LG-01A,11.430561251766635,7.586543330821075
TCGA-E2-A1LH-01A,13.87245386813108,10.373535727115778
TCGA-E2-A1LI-01A,13.105850319178765,7.788763870241505
TCGA-E2-A1LK-01A,12.120553369655068,5.971469730223353
TCGA-E2-A1LL-01A,13.497921520945365,6.117488240838221
TCGA-E2-A1LS-01A,12.43622276364458,6.148043785574436
TCGA-E2-A2P5-01A,14.8874733901568,7.4215450251028505
TCGA-E2-A2P6-01A,13.624518970385106,6.353829691584493
TCGA-E2-A3DX-01A,15.6509513317142,9.231390546295156
TCGA-E2-A56Z-01A,13.569203539117694,6.974421161100954
TCGA-E2-A570-01A,15.53845222880708,6.191926445215772
TCGA-E2-A572-01A,11.646380026252222,7.057747353680388
TCGA-E2-A573-01A,13.315127304394514,9.459807423933867
TCGA-E2-A574-01A,12.327135802392268,5.568376166127878
TCGA-E2-A576-01A,13.651452773331703,7.070541856444678
TCGA-E2-A9RU-01A,14.548589508967279,6.532421684760878
TCGA-E9-A1N3-01A,12.831037807454171,5.390016222959593
TCGA-E9-A1N4-01A,15.168184216772541,7.765079834551096
TCGA-E9-A1N5-01A,15.414418633342141,8.356815069166897
TCGA-E9-A1N6-01A,16.042037747006162,6.344982732746727
TCGA-E9-A1N8-01A,12.626780609242154,6.351373707764344
TCGA-E9-A1N9-01A,14.56944671814822,7.661497679552864
TCGA-E9-A1NA-01A,15.597841426252298,6.503974518915236
TCGA-E9-A1NC-01A,15.056332606190342,9.393304668874135
TCGA-E9-A1ND-01A,14.01707928929548,10.188173310180662
TCGA-E9-A1NE-01A,14.336770758612039,10.394034232491174
TCGA-E9-A1NF-01A,17.03793250553566,7.300200602505653
TCGA-E9-A1NG-01A,16.43844943517752,6.732678896130806
TCGA-E9-A1NH-01A,16.017989047689337,6.976656100616261
TCGA-E9-A1NI-01A,15.330794922591139,5.809499134002782
TCGA-E9-A1QZ-01A,13.970935195131341,9.290088713356104
TCGA-E9-A1R0-01A,14.712419122048122,7.959186240859636
TCGA-E9-A1R2-01A,14.52777098160422,7.675664683659316
TCGA-E9-A1R3-01A,15.71351812352454,6.671532996457453
TCGA-E9-A1R4-01A,14.35474118738818,8.266529990438183
TCGA-E9-A1R5-01A,15.52145837517532,5.8776604621671575
TCGA-E9-A1R6-01A,14.592537202244362,5.712413141655911
TCGA-E9-A1R7-01A,13.74570245756108,5.868397844963321
TCGA-E9-A1RA-01A,14.968927941957281,7.149226794661334
TCGA-E9-A1RB-01A,14.29464858886492,6.057869130095204
TCGA-E9-A1RC-01A,14.8567349294985,4.4126908895141606
TCGA-E9-A1RD-01A,14.515023964640202,5.965498803872441
TCGA-E9-A1RE-01A,14.133226814726322,6.629348594572095
TCGA-E9-A1RF-01A,15.25617539788976,8.948746659145344
TCGA-E9-A1RG-01A,14.79761853492588,7.746630310741021
TCGA-E9-A1RH-01A,14.72395068784746,6.298344337054383
TCGA-E9-A1RI-01A,15.914201376425158,6.707026160259909
TCGA-E9-A226-01A,15.732587240664458,5.325372960524129
TCGA-E9-A227-01A,14.926526839747037,8.765602994768487
TCGA-E9-A228-01A,13.74967405876942,5.841581628699542
TCGA-E9-A229-01A,15.85646056081708,7.091419418885792
TCGA-E9-A22A-01A,16.47959126904492,8.92699481427659
TCGA-E9-A22B-01A,15.289441869369039,6.965977166809362
TCGA-E9-A22D-01A,14.001618611005219,11.767145162892149
TCGA-E9-A22E-01A,17.16238393633756,8.477290313907512
TCGA-E9-A22G-01A,12.48507533734425,7.1497664560106395
TCGA-E9-A22H-01A,13.31301779567448,7.551880130454738
TCGA-E9-A243-01A,14.604266591899181,10.430027297542313
TCGA-E9-A244-01A,14.48396174449706,7.326250694566207
TCGA-E9-A245-01A,13.559312671227605,6.227563448431203
TCGA-E9-A247-01A,13.98191850290768,6.2308859664270795
TCGA-E9-A248-01A,13.14378811224422,9.97834618292717
TCGA-E9-A249-01A,13.514727095106664,6.7494518135087755
TCGA-E9-A24A-01A,15.090190330841779,6.701119097277164
TCGA-E9-A295-01A,15.01691955454696,7.462762191443438
TCGA-E9-A2JS-01A,14.81316427383068,6.403924352106162
TCGA-E9-A2JT-01A,13.455553589660719,10.755769564171265
TCGA-E9-A3HO-01A,13.736604248152329,8.087963808419888
TCGA-E9-A3Q9-01A,12.43560552265639,7.511422386379237
TCGA-E9-A3QA-01A,13.303771456611027,9.864062220084078
TCGA-E9-A3X8-01A,14.918753625410005,9.506682187834908
TCGA-E9-A54X-01A,10.20025171550277,4.235575510661485
TCGA-E9-A54Y-01A,10.512508520353489,5.943819739478194
TCGA-E9-A5FK-01A,14.268476166167199,10.522226227049893
TCGA-E9-A5FL-01A,14.15025647851208,6.672225467621891
TCGA-E9-A5UO-01A,12.268588581433718,4.766675767424451
TCGA-E9-A5UP-01A,10.588933773708227,5.602481155937157
TCGA-E9-A6HE-01A,15.08620240217976,7.69632438165828
TCGA-EW-A1IW-01A,14.791263687771899,7.588868887227174
TCGA-EW-A1IX-01A,15.90161831909656,6.9147294825756465
TCGA-EW-A1IY-01A,14.994452741966219,9.205276995618181
TCGA-EW-A1IZ-01A,12.809492290996781,11.047356502057202
TCGA-EW-A1J1-01A,13.515955721159912,8.36518350846635
TCGA-EW-A1J2-01A,15.57615797820626,7.694609482442311
TCGA-EW-A1J3-01A,14.20001815727976,6.37953522236296
TCGA-EW-A1J5-01A,13.9193714339309,8.749322770851311
TCGA-EW-A1J6-01A,12.277832206980879,8.338072766073433
TCGA-EW-A1OV-01A,13.97713145951678,10.447531997263992
TCGA-EW-A1OW-01A,15.343524854936557,7.302884188376404
TCGA-EW-A1OX-01A,12.056048509577927,4.541273958267458
TCGA-EW-A1OY-01A,13.869897468385762,6.626800454525683
TCGA-EW-A1OZ-01A,15.44165869499522,7.023794962261692
TCGA-EW-A1P0-01A,14.12652443638494,7.1606072136556405
TCGA-EW-A1P1-01A,15.663004478365423,8.641006402612382
TCGA-EW-A1P3-01A,14.416932017617182,6.555589430454897
TCGA-EW-A1P4-01A,14.264559969240059,9.958827557840348
TCGA-EW-A1P5-01A,14.141217374969841,7.235526469321315
TCGA-EW-A1P6-01A,14.68418987073114,6.450700699096352
TCGA-EW-A1P7-01A,14.7514305889383,9.959351722854676
TCGA-EW-A1P8-01A,13.776137353074,7.299435573569346
TCGA-EW-A1PA-01A,14.05654303749194,7.244650846020273
TCGA-EW-A1PB-01A,11.8734754373425,10.50711213586287
TCGA-EW-A1PC-01B,14.36901205596794,6.066770839675771
TCGA-EW-A1PD-01A,15.669594747532738,6.168741659723359
TCGA-EW-A1PE-01A,14.76153640418402,8.330028632174393
TCGA-EW-A1PF-01A,15.671797547174702,7.255431171679212
TCGA-EW-A1PG-01A,15.433582222339439,6.589099151454621
TCGA-EW-A1PH-01A,13.436924145710918,7.871361677468174
TCGA-EW-A2FR-01A,16.9826584016133,7.337254041245292
TCGA-EW-A2FS-01A,13.464365499023703,7.962714546327889
TCGA-EW-A2FV-01A,14.28301805198854,8.298180222593713
TCGA-EW-A2FW-01A,14.499968160147919,6.506523204558262
TCGA-EW-A3E8-01B,14.35045808853996,9.002770721767154
TCGA-EW-A3U0-01A,14.5166652933459,10.310709638673208
TCGA-EW-A423-01A,13.26342818232838,7.882881934674429
TCGA-EW-A424-01A,15.259458975338617,5.735356594096403
TCGA-EW-A6S9-01A,15.76825923453588,5.864078234302182
TCGA-EW-A6SA-01A,12.61126282271011,5.33628361733394
TCGA-EW-A6SB-01A,12.221738970763678,10.30011203697012
TCGA-EW-A6SC-01A,15.58158652316672,6.886791927537403
TCGA-EW-A6SD-01A,14.573165888733039,8.471165329190944
TCGA-GI-A2C8-01A,15.862523539485698,7.10513612084821
TCGA-GI-A2C9-01A,14.52309082490684,6.719573135117332
TCGA-GM-A2D9-01A,14.74946254696286,6.679900414071919
TCGA-GM-A2DA-01A,15.195985372805279,9.182876619302053
TCGA-GM-A2DB-01A,13.398368947162723,8.554106535972453
TCGA-GM-A2DC-01A,13.603254024746883,6.984225159474063
TCGA-GM-A2DD-01A,15.057287156840818,9.707903337631226
TCGA-GM-A2DF-01A,13.953215464879401,8.888150606497488
TCGA-GM-A2DH-01A,13.2252014805138,9.259781789986945
TCGA-GM-A2DI-01A,15.02113251578688,10.37083602137712
TCGA-GM-A2DK-01A,13.945579287705343,7.627129051830846
TCGA-GM-A2DL-01A,15.55832462261346,6.579104982138405
TCGA-GM-A2DM-01A,13.05497806624454,6.227995201890063
TCGA-GM-A2DN-01A,14.15354188780492,9.426214530174926
TCGA-GM-A2DO-01A,12.680431583465287,10.762376483139175
TCGA-GM-A3NW-01A,13.474670570057066,7.1398246959063085
TCGA-GM-A3NY-01A,14.344245490678265,7.089419392056697
TCGA-GM-A3XG-01A,13.451603460417521,6.355719395266954
TCGA-GM-A3XL-01A,11.713753726865782,9.66867729941948
TCGA-GM-A3XN-01A,15.43246949061258,7.924791754995273
TCGA-GM-A4E0-01A,14.662583638625796,8.866762226195785
TCGA-GM-A5PV-01A,11.803324007718514,7.275814074924557
TCGA-GM-A5PX-01A,15.117950340992142,6.987917377816027
TCGA-HN-A2NL-01A,12.186744588933092,8.526193460504649
TCGA-HN-A2OB-01A,16.1004098385371,6.939368375416422
TCGA-JL-A3YW-01A,16.15482382677286,8.456094727571761
TCGA-JL-A3YX-01A,14.43241699201442,6.293957150012316
TCGA-LD-A66U-01A,15.09732250151776,8.95140849421354
TCGA-LD-A74U-01A,15.6515005804909,7.412959225154005
TCGA-LD-A7W5-01A,14.601621477372017,9.572203407111271
TCGA-LD-A7W6-01A,13.90754691911982,7.768330537728427
TCGA-LD-A9QF-01A,15.639918927973321,9.77987751032032
TCGA-LL-A440-01A,16.3133505433882,7.366012356409536
TCGA-LL-A441-01A,14.08844173600068,9.37723680231241
TCGA-LL-A442-01A,12.562711383254893,5.432814628912782
TCGA-LL-A50Y-01A,13.387490103668346,7.310466794259482
TCGA-LL-A5YL-01A,14.084654905024971,8.479244371394804
TCGA-LL-A5YM-01A,13.74095531438864,7.262743311891599
TCGA-LL-A5YN-01A,13.691636545410503,10.172220221313498
TCGA-LL-A5YO-01A,14.161843793436242,10.781890826562147
TCGA-LL-A5YP-01A,15.667536887606701,7.371252549700812
TCGA-LL-A6FP-01A,12.094643799152799,5.0639693639409575
TCGA-LL-A6FQ-01A,14.286242464752618,6.6659925829446465
TCGA-LL-A6FR-01A,15.326999804781178,5.983620652996036
TCGA-LL-A73Y-01A,15.09004722850978,8.080404265225036
TCGA-LL-A73Z-01A,14.70208479455206,8.483251474979477
TCGA-LL-A740-01A,15.61415972327338,6.5875944230418515
TCGA-LL-A7SZ-01A,14.05440329248132,9.521435111536295
TCGA-LL-A7T0-01A,14.234758604764139,7.9167333951903265
TCGA-LL-A8F5-01A,13.956346318671285,8.617706041183322
TCGA-LL-A9Q3-01A,14.76450861118144,8.02355673521349
TCGA-LQ-A4E4-01A,13.85114974547414,5.883671156760068
TCGA-MS-A51U-01A,15.61689584711282,7.933760872271833
TCGA-OK-A5Q2-01A,14.873773433370161,8.477544754243741
TCGA-OL-A5D6-01A,15.774788941246621,6.748035165112108
TCGA-OL-A5D7-01A,12.436682880539744,9.745717844455985
TCGA-OL-A5D8-01A,14.125057653693199,6.949048804967984
TCGA-OL-A5DA-01A,14.284293143369442,7.804016997329929
TCGA-OL-A5RU-01A,13.699203785927617,8.95914037229721
TCGA-OL-A5RV-01A,14.24651172286352,6.7533371893962695
TCGA-OL-A5RW-01A,13.266813238659179,6.678075360990745
TCGA-OL-A5RX-01A,14.4607004863107,7.633124353092069
TCGA-OL-A5RY-01A,15.25910050949496,9.659163693815987
TCGA-OL-A5RZ-01A,13.073922412144483,6.3272705404706215
TCGA-OL-A5S0-01A,14.49786885956548,7.9062983996399705
TCGA-OL-A66H-01A,13.97230932657494,7.612607813086832
TCGA-OL-A66I-01A,14.79092626053972,11.101651672463245
TCGA-OL-A66J-01A,14.544242072987561,7.35066468890407
TCGA-OL-A66K-01A,15.096272565645341,6.228906829449381
TCGA-OL-A66L-01A,14.97203936909708,8.686354825513286
TCGA-OL-A66N-01A,15.301125915225299,8.376734804429052
TCGA-OL-A66O-01A,14.401970450215298,6.296143731063583
TCGA-OL-A66P-01A,15.03704052504186,11.19053425246295
TCGA-OL-A6VO-01A,12.768998745544511,7.307318768693156
TCGA-OL-A6VQ-01A,15.445171407268461,7.706126168434371
TCGA-OL-A6VR-01A,12.003996578107854,5.615256374828752
TCGA-OL-A97C-01A,15.7716434854841,8.780261628292818
TCGA-PE-A5DC-01A,13.886892261577582,7.056338705728817
TCGA-PE-A5DD-01A,14.922561479061239,8.231056570194799
TCGA-PE-A5DE-01A,14.037665805533061,10.645595044079865
TCGA-PL-A8LV-01A,14.07778324650416,8.244120744321986
TCGA-PL-A8LX-01A,13.314594201511131,6.167690313932934
TCGA-PL-A8LY-01A,11.259724231240824,7.669234997707211
TCGA-PL-A8LZ-01A,14.604733897597061,9.509496260245724
TCGA-S3-A6ZF-01A,14.47840165695996,7.8040807892407384
TCGA-S3-A6ZG-01A,13.877544306611199,7.3653299334105045
TCGA-S3-A6ZH-01A,13.32911411479078,7.5495077555066015
TCGA-S3-AA0Z-01A,12.841251729830187,8.25820603082284
TCGA-S3-AA10-01A,13.797445860706521,10.198210915214315
TCGA-S3-AA11-01A,13.944387800152887,5.6027174221569584
TCGA-S3-AA12-01A,13.737924364900076,5.929638311421745
TCGA-S3-AA14-01A,15.96965563260368,6.676736440589029
TCGA-S3-AA15-01A,15.403461450078101,9.652111698009831
TCGA-S3-AA17-01A,13.534036199704678,10.000989889428128
TCGA-UL-AAZ6-01A,12.984640814077556,5.930979203684001
TCGA-UU-A93S-01A,12.290955978679168,7.037399937256471
TCGA-V7-A7HQ-01A,14.294081293531828,6.38771549073274
TCGA-W8-A86G-01A,14.546078331249618,6.00511792437551
TCGA-WT-AB41-01A,12.981319541476887,10.112156206982304
TCGA-WT-AB44-01A,14.8067182579769,6.690289498481827
TCGA-XX-A899-01A,15.143487697211839,8.805830325121457
TCGA-XX-A89A-01A,15.850455214982961,7.990611107759373
TCGA-Z7-A8R5-01A,14.035688445328413,8.756339852139975
TCGA-Z7-A8R6-01A,14.45853154195218,6.7278677290429885
