,CAF_score_z,cytotoxic_score_z
TCGA-3C-AAAU-01A,-0.4829981688479175,-1.3235541052280972
TCGA-3C-AALI-01A,0.28751980278507083,1.0056177573269636
TCGA-3C-AALJ-01A,0.4486007738940743,0.7092535337829561
TCGA-3C-AALK-01A,1.1254676619989898,-0.1327828965255144
TCGA-4H-AAAK-01A,1.1790118862562102,-0.4944509899010929
TCGA-5L-AAT0-01A,0.8370163896852645,0.4942849671262626
TCGA-5L-AAT1-01A,0.692217418876709,1.4170126326807815
TCGA-5T-A9QA-01A,-2.54384659597516,-0.8822547589194839
TCGA-A1-A0SB-01A,-0.7759317644761431,-1.3526985337402213
TCGA-A1-A0SD-01A,0.5766534550313667,-0.40600933096728337
TCGA-A1-A0SE-01A,0.7763911768366784,-0.16125495016791608
TCGA-A1-A0SF-01A,0.13725912146352326,0.7324388227182407
TCGA-A1-A0SG-01A,0.5756684084746808,-0.3549639275649651
TCGA-A1-A0SH-01A,1.9835597323197942,-0.8659321308799578
TCGA-A1-A0SI-01A,1.417147041890224,0.8589987588062366
TCGA-A1-A0SJ-01A,0.2334459450839374,-0.22954340589530473
TCGA-A1-A0SK-01A,-1.1684056267372807,-1.1049496444181608
TCGA-A1-A0SM-01A,0.9288483010233666,-0.9882789341770424
TCGA-A1-A0SN-01A,0.7930153275864202,0.6011898159658101
TCGA-A1-A0SO-01A,-1.8931351524529227,-0.5812152955872895
TCGA-A1-A0SP-01A,-0.5976741769308835,0.02932625359344638
TCGA-A1-A0SQ-01A,-0.7887785635450789,-0.725214001579259
TCGA-A2-A04N-01A,0.744704671953475,-0.6824734273145173
TCGA-A2-A04P-01A,0.16414482330199084,0.3426646056712751
TCGA-A2-A04Q-01A,-0.1879405078550843,2.3234324875158507
TCGA-A2-A04R-01A,0.4402565069396317,-1.2439366922934185
TCGA-A2-A04T-01A,-0.9256341504621304,1.426734577658026
TCGA-A2-A04U-01A,-0.11384680337768435,-0.8089419106020186
TCGA-A2-A04V-01A,0.6935413788741995,-0.6121225352591301
TCGA-A2-A04W-01A,1.084844389774473,-0.4754463790935773
TCGA-A2-A04X-01A,-0.504220792489376,1.1762035133684894
TCGA-A2-A04Y-01A,-0.8164953130995378,0.37244123894164444
TCGA-A2-A0CK-01A,-0.11016514578231876,0.20505947817661946
TCGA-A2-A0CL-01A,0.2051704695261553,1.8057546833044438
TCGA-A2-A0CM-01A,-0.10400582663513405,1.544318442410644
TCGA-A2-A0CO-01A,0.24700575077580397,0.9542396215782151
TCGA-A2-A0CP-01A,1.2245824084961483,-0.2600375447641527
TCGA-A2-A0CQ-01A,-0.8022649825710163,-0.6386969558505271
TCGA-A2-A0CR-01A,-0.05616114120871574,2.13788540996651
TCGA-A2-A0CS-01A,0.6791433049824946,-0.6240905913922331
TCGA-A2-A0CT-01A,-0.31857733874302785,-1.1547358888497616
TCGA-A2-A0CU-01A,-0.031223988420481796,-0.6631859639292027
TCGA-A2-A0CV-01A,0.5395714327187284,0.32589836781786313
TCGA-A2-A0CW-01A,-0.7659475242639846,0.19200276600890145
TCGA-A2-A0CX-01A,0.8687461532908834,0.20656177630805958
TCGA-A2-A0CY-01A,-1.8229897641884125,-0.9594728513527043
TCGA-A2-A0CZ-01A,1.6097747152940856,0.47540700910056416
TCGA-A2-A0D0-01A,-1.8512666242067788,1.189678193833855
TCGA-A2-A0D1-01A,-0.14454779352254424,-0.5624059959329998
TCGA-A2-A0D2-01A,0.05066517891966871,0.894093521478467
TCGA-A2-A0D3-01A,-0.7605547290561925,0.14244197098521125
TCGA-A2-A0D4-01A,-0.832225791907837,-1.1666517000008803
TCGA-A2-A0EM-01A,0.7349204765102729,-0.8473810492550367
TCGA-A2-A0EN-01A,0.8545755521295056,1.1478570270669446
TCGA-A2-A0EO-01A,1.142662653664108,0.2111936591803018
TCGA-A2-A0EP-01A,0.7048377425567126,1.6062210348522197
TCGA-A2-A0EQ-01A,-0.6804454151562492,1.8150349407399595
TCGA-A2-A0ER-01A,-0.7499066783500734,-0.6004111159631765
TCGA-A2-A0ES-01A,0.09960598853905116,0.0986222732450747
TCGA-A2-A0ET-01A,-2.114016905612842,0.13544806831849687
TCGA-A2-A0EU-01A,-0.09059580408166727,-0.611264786412624
TCGA-A2-A0EV-01A,0.6194005787480927,0.26082685550046064
TCGA-A2-A0EW-01A,0.7407913615088619,0.3143795522418067
TCGA-A2-A0EX-01A,0.9656874596487125,-0.18545313458025708
TCGA-A2-A0EY-01A,-0.23425934207245538,0.206514748841864
TCGA-A2-A0ST-01A,-1.0212650466361595,2.234645055355077
TCGA-A2-A0SU-01A,0.29303294847810124,0.17610677995402077
TCGA-A2-A0SV-01A,0.7451083370590756,-0.32639939438663657
TCGA-A2-A0SW-01A,0.22687965519207073,1.3692137612833217
TCGA-A2-A0SX-01A,0.1684466319742249,1.2211878491030568
TCGA-A2-A0SY-01A,0.3723562059546574,0.3600211990863539
TCGA-A2-A0T0-01A,0.37797539615451825,0.07063549451384096
TCGA-A2-A0T1-01A,0.7375439865692657,1.4883568949694246
TCGA-A2-A0T2-01A,0.013971983035326591,0.4774004592287799
TCGA-A2-A0T3-01A,-0.08145513981911061,-0.5679624566598168
TCGA-A2-A0T4-01A,0.5222628376768528,0.6083690878166518
TCGA-A2-A0T5-01A,0.3826892072200588,-0.8744428633667107
TCGA-A2-A0T6-01A,1.0204622980493054,0.529383911871984
TCGA-A2-A0T7-01A,0.9405529275062499,-0.046681633556413804
TCGA-A2-A0YC-01A,0.20446943978820437,-0.26809241125229105
TCGA-A2-A0YD-01A,1.1090852391479415,0.2844014027623174
TCGA-A2-A0YE-01A,-0.31651008164134387,-0.6455896158989146
TCGA-A2-A0YF-01A,-0.9072239851107968,-0.8342568445636591
TCGA-A2-A0YG-01A,-0.31819528354059157,-0.6963152704562298
TCGA-A2-A0YH-01A,0.29822117001099907,0.5618680568903955
TCGA-A2-A0YI-01A,0.1501750303352615,0.7491554451852398
TCGA-A2-A0YJ-01A,-0.5968112734561228,-0.64800165023218
TCGA-A2-A0YK-01A,0.3909235031462527,1.4692689295927617
TCGA-A2-A0YL-01A,0.7352361186383014,0.2835698301932205
TCGA-A2-A0YM-01A,-0.8462159616274445,0.08677542819324187
TCGA-A2-A0YT-01A,-0.729764796160424,-0.07066130151169016
TCGA-A2-A1FV-01A,-0.4562719951570265,-1.3554449448860686
TCGA-A2-A1FW-01A,-0.2877800481399887,-0.6175668356845374
TCGA-A2-A1FX-01A,-0.027316900460709514,-0.31395547148258657
TCGA-A2-A1FZ-01A,0.6379548033137212,-0.29195129970285383
TCGA-A2-A1G0-01A,0.38006682365194144,0.18429985324458079
TCGA-A2-A1G1-01A,0.3270749419179764,0.8654178653894126
TCGA-A2-A1G4-01A,-1.420910284292988,-0.5699281937518597
TCGA-A2-A1G6-01A,-0.659405715674312,0.05054918531071595
TCGA-A2-A259-01A,0.040400216801855966,0.10126379144634953
TCGA-A2-A25A-01A,0.8023065509723768,0.36041291941285236
TCGA-A2-A25B-01A,0.3859405719936241,-0.0033299653805552642
TCGA-A2-A25C-01A,0.30430171992324884,-0.3088248805699833
TCGA-A2-A25D-01A,-0.48063830392628815,1.3420450663078611
TCGA-A2-A25E-01A,-0.038125854965474305,-0.4218403349320887
TCGA-A2-A25F-01A,0.48640351360988665,2.368612431145537
TCGA-A2-A3KC-01A,0.8580832455713667,-0.10257291995749097
TCGA-A2-A3KD-01A,-0.34428835659718443,-0.28695868701321164
TCGA-A2-A3XS-01A,-0.11073510721860043,0.40833386454587867
TCGA-A2-A3XT-01A,-0.7285326925439854,0.4049377120389654
TCGA-A2-A3XU-01A,-2.0829143002975483,-1.27322004725009
TCGA-A2-A3XV-01A,-0.4626305400696643,-0.3875690669464208
TCGA-A2-A3XW-01A,-0.09626778133582889,0.42054052206537984
TCGA-A2-A3XX-01A,0.00964377693477383,0.4641025867768894
TCGA-A2-A3XY-01A,0.617878389188758,0.5218928926463564
TCGA-A2-A3XZ-01A,-0.5600170506018163,1.0852880004939207
TCGA-A2-A3Y0-01A,-1.1670409228210645,1.556259276763721
TCGA-A2-A4RW-01A,0.5955720362904009,0.3891863484235371
TCGA-A2-A4RX-01A,0.9767285044300296,0.2435758958689873
TCGA-A2-A4RY-01A,0.3809177197616602,0.09499375706833084
TCGA-A2-A4S0-01A,-1.3048224240481505,-1.1517488704087788
TCGA-A2-A4S1-01A,1.7902578132425073,-0.02093816138214381
TCGA-A2-A4S2-01A,0.044411478899772615,0.7424859262196318
TCGA-A2-A4S3-01A,-0.2528280521393702,0.6353769150009582
TCGA-A7-A0CD-01A,-0.2632542050457459,-0.9589106610159462
TCGA-A7-A0CE-01A,-0.8854601557838793,-0.12912813144189655
TCGA-A7-A0CG-01A,0.7293258895833079,0.8528256622179907
TCGA-A7-A0CH-01A,0.18610912525152173,-0.8850653415907148
TCGA-A7-A0CJ-01A,-0.973235277843024,-0.19582620226772104
TCGA-A7-A0D9-01A,0.301668453468824,-1.1080429747997111
TCGA-A7-A0DA-01A,0.9824642741787958,-0.9462355472586216
TCGA-A7-A0DB-01A,0.32652990751185196,-0.8517366144081748
TCGA-A7-A0DC-01A,-1.4222177697985836,-1.837851429539463
TCGA-A7-A13D-01A,0.4590757428396646,-1.4130581185580324
TCGA-A7-A13E-01A,-0.3984838971816383,-0.4755627241340537
TCGA-A7-A13F-01A,0.05949459835294957,-1.103846294168563
TCGA-A7-A13G-01A,-0.2333123708679731,-1.7440804480795724
TCGA-A7-A13H-01A,0.059917576439952505,0.48446720444138813
TCGA-A7-A26E-01A,0.5818652641037474,-0.9005250051793368
TCGA-A7-A26F-01A,0.6136844366515182,0.027069125490308606
TCGA-A7-A26G-01A,1.13400092567692,0.36412206347732673
TCGA-A7-A26H-01A,0.6776553012176906,0.020885256892110578
TCGA-A7-A26I-01A,0.6780477371486774,-1.1517128553329286
TCGA-A7-A26J-01A,0.48395533310494454,-0.825365425284922
TCGA-A7-A2KD-01A,0.36440371549087686,0.204946762708295
TCGA-A7-A3IY-01A,-0.21180782842705428,-0.33749508780496157
TCGA-A7-A3IZ-01A,-0.9175290640861201,-1.2620807585005065
TCGA-A7-A3J0-01A,-1.6502099767272278,0.46260368286416614
TCGA-A7-A3J1-01A,0.14649125507690894,0.8679015127444959
TCGA-A7-A3RF-01A,-0.5464349929835112,-1.0816777465398817
TCGA-A7-A425-01A,0.2575113714461,-0.4155065666793932
TCGA-A7-A426-01A,0.39737035437030466,0.22655453607980977
TCGA-A7-A4SA-01A,0.3488991344625106,0.9069308439081522
TCGA-A7-A4SB-01A,-0.23958613542562784,-0.8770764931511018
TCGA-A7-A4SC-01A,0.6198952797673615,0.1417837701842925
TCGA-A7-A4SD-01A,0.15193131476355748,1.0475753713141163
TCGA-A7-A4SE-01A,1.1148853430311527,-0.5258175687785346
TCGA-A7-A4SF-01A,-0.6437548919465035,-0.1396901188389936
TCGA-A7-A56D-01A,0.5397718679619776,-0.016087472966833084
TCGA-A7-A5ZV-01A,-1.7029801926564878,-0.6090665910664137
TCGA-A7-A5ZW-01A,1.0006608144643734,0.12229029144593152
TCGA-A7-A5ZX-01A,0.66467451543749,-0.9553657344622009
TCGA-A7-A6VV-01A,1.3130720418845867,-0.19882455677917607
TCGA-A7-A6VW-01A,-0.4154557953727025,-0.30516800791918136
TCGA-A7-A6VX-01A,0.7202042367546266,-0.6770248383047753
TCGA-A7-A6VY-01A,0.35334540477960796,0.9198748606934244
TCGA-A8-A06N-01A,-3.238867859413111,-1.2612585696591467
TCGA-A8-A06O-01A,-0.08030309916276235,-0.2534879751461839
TCGA-A8-A06P-01A,1.1909154128393793,-0.6123850952334836
TCGA-A8-A06Q-01A,-2.145347504022242,-1.1806912086671755
TCGA-A8-A06R-01A,0.901715516283903,-0.036227635800737845
TCGA-A8-A06T-01A,-0.31040852259111207,0.3044288656120682
TCGA-A8-A06U-01A,-0.5042612165905554,0.3337868647999426
TCGA-A8-A06X-01A,-0.2811785838074491,0.39282146353882014
TCGA-A8-A06Y-01A,-0.9468724956594405,-1.6269471300926202
TCGA-A8-A06Z-01A,-1.2067437263593774,-1.6096758461911829
TCGA-A8-A075-01A,0.31257538615174296,0.5805333101629707
TCGA-A8-A076-01A,0.7344170741012516,-0.5789959610800087
TCGA-A8-A079-01A,-0.6396646502578163,-0.6397347874856438
TCGA-A8-A07B-01A,0.32010639323728196,-0.6368999135365404
TCGA-A8-A07C-01A,-0.8841866884621782,0.6505404792235142
TCGA-A8-A07E-01A,1.1481364553033913,0.3611853932727605
TCGA-A8-A07F-01A,0.28179851539930534,-0.2678836277977418
TCGA-A8-A07G-01A,1.276171172576583,-0.08725935260970943
TCGA-A8-A07I-01A,0.8984164260525948,-0.20009513803751083
TCGA-A8-A07J-01A,1.0293187593489104,-0.08484844996377126
TCGA-A8-A07L-01A,0.3984758116106689,-1.1365723442431057
TCGA-A8-A07O-01A,-0.3827557289958524,0.2200873881331196
TCGA-A8-A07P-01A,0.3376093487442337,-0.3608593854775976
TCGA-A8-A07R-01A,-0.6429170438459813,-0.7707833066321156
TCGA-A8-A07S-01A,0.07161915871416867,-1.3090564350097122
TCGA-A8-A07U-01A,-0.30553504646407526,1.740080688676067
TCGA-A8-A07W-01A,0.18176083102402002,-0.33224914105007647
TCGA-A8-A07Z-01A,-0.4314241550838031,-0.011770384023470188
TCGA-A8-A081-01A,-1.6685123112812854,1.1879833104639423
TCGA-A8-A082-01A,0.08152328016897484,-1.5472408008760692
TCGA-A8-A083-01A,-1.6778571697248714,-1.1473694891327906
TCGA-A8-A084-01A,0.5833380271516699,-1.368678182303015
TCGA-A8-A085-01A,0.6226856863846708,-2.3871380931252433
TCGA-A8-A086-01A,0.9272655457979908,-1.1585487726029604
TCGA-A8-A08A-01A,0.2451273490244525,-0.5553892920707761
TCGA-A8-A08B-01A,-1.007083827975748,0.2596347192319338
TCGA-A8-A08C-01A,-0.2241384761642148,-0.6305381740349831
TCGA-A8-A08F-01A,0.39774374160027104,0.7483116615654432
TCGA-A8-A08G-01A,0.12585562779651854,-0.1895873655329027
TCGA-A8-A08H-01A,1.2856747354159865,0.588302393735478
TCGA-A8-A08I-01A,-2.03340167708519,1.8388095362836445
TCGA-A8-A08J-01A,0.6046067062704598,-0.4436216551418755
TCGA-A8-A08L-01A,-0.4363925503678449,0.8576280621158855
TCGA-A8-A08O-01A,0.7581113029101029,-0.8374354330327786
TCGA-A8-A08P-01A,0.26101753695165086,1.1395808705552952
TCGA-A8-A08R-01A,0.3441127039105306,0.9219322482850091
TCGA-A8-A08S-01A,-0.03234994822993503,-0.6500949184758271
TCGA-A8-A08T-01A,-0.10248607029935282,-0.6042563152251212
TCGA-A8-A08X-01A,1.0906365260017554,0.40608924837726734
TCGA-A8-A08Z-01A,1.0745091442251034,-0.5933205134067444
TCGA-A8-A090-01A,0.1398656533325623,-0.1660890076557704
TCGA-A8-A091-01A,-0.29412258349081105,-0.3528273376960501
TCGA-A8-A092-01A,-0.030190673688775684,-0.6587427158020648
TCGA-A8-A093-01A,0.9179949930515823,-1.5093646412718194
TCGA-A8-A094-01A,-0.012912386015395672,1.2375925507757215
TCGA-A8-A095-01A,0.22766360741769448,-0.2818857208293789
TCGA-A8-A096-01A,0.8763760239117275,0.7549519963565734
TCGA-A8-A097-01A,0.8204314426708788,-0.2578157900200935
TCGA-A8-A099-01A,-0.23671691710371343,-0.6943342367904767
TCGA-A8-A09A-01A,0.8415297144442739,0.3103034858417663
TCGA-A8-A09B-01A,0.05814967387441668,-0.5456616522531487
TCGA-A8-A09C-01A,-0.06905333198112307,-1.1700331487646376
TCGA-A8-A09D-01A,0.8407818265600973,-0.14241491051902558
TCGA-A8-A09E-01A,-0.612288071852725,-0.964726979526711
TCGA-A8-A09G-01A,-0.38658505058436476,0.6866520788980338
TCGA-A8-A09I-01A,0.06397916775106427,0.6562033290376269
TCGA-A8-A09K-01A,-1.929342569200084,1.0572552632475123
TCGA-A8-A09M-01A,-0.5457516308737784,0.6196468014296855
TCGA-A8-A09N-01A,0.09861243006831251,0.028903429293939718
TCGA-A8-A09Q-01A,-0.013488269749010951,0.432468873286759
TCGA-A8-A09R-01A,0.7454221569059017,0.41542273579328753
TCGA-A8-A09T-01A,0.22663922929653374,-1.0688017118891813
TCGA-A8-A09V-01A,0.36746009205857433,-1.585256857449233
TCGA-A8-A09W-01A,0.0487617391802476,-0.392036644090831
TCGA-A8-A09X-01A,0.3912752297616058,1.1408396333267319
TCGA-A8-A09Z-01A,-1.072312224676571,1.0230249173514372
TCGA-A8-A0A1-01A,0.4899170597491855,0.5902741666067879
TCGA-A8-A0A2-01A,0.2389099256598894,-0.01129574760661653
TCGA-A8-A0A4-01A,0.29171373984710414,-0.5195586811845345
TCGA-A8-A0A6-01A,-0.20027557663941487,1.1938759664182286
TCGA-A8-A0A7-01A,0.672415306715565,2.2020506931301456
TCGA-A8-A0A9-01A,0.31652970051635687,-0.29807105271671
TCGA-A8-A0AB-01A,-0.1984630762277573,-1.5907230360423756
TCGA-A8-A0AD-01A,0.6349206842495527,-1.0584256968187735
TCGA-AC-A23C-01A,0.22976379552880735,0.27676392553219265
TCGA-AC-A23E-01A,1.5240992904146904,-1.2919867940804548
TCGA-AC-A23G-01A,1.825965530196934,0.06925671664899456
TCGA-AC-A23H-01A,0.5376315602284982,-1.0140252240285839
TCGA-AC-A2B8-01A,0.5924570395515457,0.2149539296576138
TCGA-AC-A2BK-01A,-2.1931708984154756,-0.5270481169051673
TCGA-AC-A2BM-01A,-0.5965474068795504,-0.0076404838163092815
TCGA-AC-A2FB-01A,-0.2544324382662722,1.6235709633507158
TCGA-AC-A2FE-01A,0.341014145020897,1.4384156449925083
TCGA-AC-A2FF-01A,0.8620381141510738,0.6725888573171594
TCGA-AC-A2FG-01A,-0.026525913899582372,-0.3683750570361638
TCGA-AC-A2FK-01A,-0.822054918358576,0.1661360322190947
TCGA-AC-A2FM-01A,-0.5846513831008477,-0.7853566592921145
TCGA-AC-A2FO-01A,0.2313848135869053,0.8634629205738146
TCGA-AC-A2QH-01A,-0.09500935955660267,-1.5124446297466918
TCGA-AC-A2QI-01A,0.8843750344155792,0.19508897955304658
TCGA-AC-A2QJ-01A,1.4102020761870295,0.12548242067978185
TCGA-AC-A3BB-01A,0.8615157697986178,1.091023702253971
TCGA-AC-A3EH-01A,0.6116287291276631,-0.5112380244667979
TCGA-AC-A3HN-01A,1.0222886144324355,0.37141597844357577
TCGA-AC-A3OD-01A,-0.6693301723117043,0.6159354566486421
TCGA-AC-A3QP-01A,0.4508472594186495,0.1342481072462711
TCGA-AC-A3QQ-01B,0.02277627977390344,-0.017101489353500914
TCGA-AC-A3TM-01A,-0.2963400300125897,0.5009067858316875
TCGA-AC-A3TN-01A,-0.02892678576396295,-0.5013532555021916
TCGA-AC-A3W5-01A,1.2160306726828298,0.7903720518678712
TCGA-AC-A3W6-01A,1.2229026628213167,0.8535000495441162
TCGA-AC-A3W7-01A,0.7674120200955404,-0.39182993290370577
TCGA-AC-A3YI-01A,1.1892116618220243,0.03082981604079379
TCGA-AC-A3YJ-01A,-1.4032258412444616,-0.4246855892315393
TCGA-AC-A4ZE-01A,-0.9931841591188583,-0.15813323631534212
TCGA-AC-A5EH-01A,0.953098542793206,-0.28288857631516734
TCGA-AC-A5XS-01A,-0.31444194457312624,0.6967886875925952
TCGA-AC-A5XU-01A,0.7700836237906948,-0.45150565135752074
TCGA-AC-A62V-01A,0.5851471971595604,-1.02455758391303
TCGA-AC-A62X-01A,-1.3880604219939934,-1.302047623287654
TCGA-AC-A62Y-01A,-0.40738290875279526,-0.061615500308607296
TCGA-AC-A6IV-01A,0.7634887006340062,0.6151979801705892
TCGA-AC-A6IW-01A,-1.800961859928437,1.5099669938567974
TCGA-AC-A6IX-01A,0.5985128690203375,0.00260637448722652
TCGA-AC-A6NO-01A,-0.02032324102317793,-0.636048449433693
TCGA-AC-A7VB-01A,-1.4668800770470372,-1.1527575009471887
TCGA-AC-A7VC-01A,1.3702802650849573,-0.7888513884869333
TCGA-AC-A8OP-01A,0.22968390413582468,-0.18742169392964012
TCGA-AC-A8OQ-01A,0.26040879640287323,0.7323860077310451
TCGA-AC-A8OR-01A,-2.104939485463917,-1.2831773583352855
TCGA-AC-A8OS-01A,0.7464978394153928,0.3721466976086894
TCGA-AN-A03X-01A,1.76280793462329,-0.6613771146011072
TCGA-AN-A03Y-01A,-0.4029677225774189,0.24726980850874905
TCGA-AN-A041-01A,1.4034437814550305,-1.0194445668504133
TCGA-AN-A046-01A,0.28461256339931795,1.1475306482390166
TCGA-AN-A049-01A,0.677555150977361,-0.06841103039050557
TCGA-AN-A04A-01A,1.4879507480029293,-0.3740574785817013
TCGA-AN-A04C-01A,-0.7214409254328348,-0.2046336643608823
TCGA-AN-A04D-01A,-1.770787059924459,-1.105549070004431
TCGA-AN-A0AJ-01A,-0.10129501345303712,1.1761256606935289
TCGA-AN-A0AK-01A,-0.6112223820832243,-0.09867556094526757
TCGA-AN-A0AL-01A,0.8393222715344815,0.44103446174908345
TCGA-AN-A0AM-01A,0.1012826109237713,0.6461614814058798
TCGA-AN-A0AR-01A,-1.0738918772378825,-0.9760592271742359
TCGA-AN-A0AS-01A,1.1655615356381301,-0.5625323928748046
TCGA-AN-A0AT-01A,-1.1422433258371645,0.5528639318056541
TCGA-AN-A0FD-01A,1.2448237676390792,0.2638495844376324
TCGA-AN-A0FF-01A,0.08655837311405172,-0.021848153309855487
TCGA-AN-A0FJ-01A,-0.3272438833257891,-0.2954041316544224
TCGA-AN-A0FK-01A,0.08954606110414311,-0.8656424914877523
TCGA-AN-A0FL-01A,-0.9619076070320325,-1.007739498983185
TCGA-AN-A0FN-01A,1.7710241080799651,1.125681681485315
TCGA-AN-A0FS-01A,0.7961532262030132,-0.8326303927646
TCGA-AN-A0FT-01A,0.32391378971612594,-0.06410463722658062
TCGA-AN-A0FV-01A,0.8986150995235436,-1.8069896464431616
TCGA-AN-A0FW-01A,0.03271038714976225,-0.00885476221881847
TCGA-AN-A0FX-01A,0.49612266710031994,-0.24625464919327525
TCGA-AN-A0FY-01A,0.5730845124303181,-0.5926598251162343
TCGA-AN-A0FZ-01A,0.5999798638745166,-1.466835766060379
TCGA-AN-A0G0-01A,-0.33195700006271495,-0.10314203196297887
TCGA-AN-A0XL-01A,0.6769768777399922,-0.5937944752261952
TCGA-AN-A0XN-01A,1.6576502053684663,-0.3182341162652812
TCGA-AN-A0XO-01A,0.728412771581356,-1.5456513624857604
TCGA-AN-A0XP-01A,0.3658473820027398,-1.1508045077116698
TCGA-AN-A0XR-01A,-0.24627943534722213,-1.4367052705146786
TCGA-AN-A0XS-01A,0.6843269928629686,0.5009136241618484
TCGA-AN-A0XT-01A,-0.44979400528950214,-0.8937715724936238
TCGA-AN-A0XU-01A,-1.298053859563674,1.0878421277585777
TCGA-AN-A0XV-01A,0.3320426629865132,0.049510353160898406
TCGA-AN-A0XW-01A,1.200156489391666,1.3380539703151417
TCGA-AO-A03L-01A,0.763447790821204,0.08887272396682176
TCGA-AO-A03M-01B,-0.02595927153071853,1.1728814706209179
TCGA-AO-A03N-01B,0.6292658133815627,-0.9259066390154589
TCGA-AO-A03O-01A,-1.0049101761487118,0.5173348364270206
TCGA-AO-A03P-01A,-0.3009581225270995,-0.7400447264703002
TCGA-AO-A03R-01A,-0.7538062124236535,0.8716280082179563
TCGA-AO-A03T-01A,-0.55191205719441,0.35829763967029205
TCGA-AO-A03U-01B,0.5395146123378243,0.6807472547643434
TCGA-AO-A03V-01A,-0.09916329129027203,-0.3306097424067244
TCGA-AO-A0J2-01A,-0.5307402826133456,0.9388842108425068
TCGA-AO-A0J3-01A,-1.8245155553194246,-0.6732166746293865
TCGA-AO-A0J4-01A,0.14394837910194175,0.8491055502601477
TCGA-AO-A0J5-01A,1.476558654552573,-0.570174634632112
TCGA-AO-A0J6-01A,-1.7682827588392467,1.34851173745063
TCGA-AO-A0J7-01A,-0.14175341564322336,-1.1593199199177977
TCGA-AO-A0J8-01A,0.3004363950723094,0.09957682119828826
TCGA-AO-A0J9-01A,0.5774990980706349,0.7203570315268903
TCGA-AO-A0JA-01A,1.1890059797833592,-0.15073660698107957
TCGA-AO-A0JB-01A,-0.43440872384644946,0.19876445973196769
TCGA-AO-A0JC-01A,-1.492874228775403,2.7647772321786133
TCGA-AO-A0JD-01A,-1.2149890905827267,0.21676987936527878
TCGA-AO-A0JE-01A,1.1537506560519823,1.0634524430007233
TCGA-AO-A0JF-01A,0.9799446038251535,0.37168719921998356
TCGA-AO-A0JG-01A,0.2078743875908587,0.9502108825002183
TCGA-AO-A0JI-01A,-1.3759270384273194,-0.5292106545281497
TCGA-AO-A0JJ-01A,0.4274164874589248,0.7571329001233574
TCGA-AO-A0JL-01A,-0.112395688374432,-0.1724563165190132
TCGA-AO-A0JM-01A,1.1666806469598725,-0.28835669455301366
TCGA-AO-A124-01A,-1.2180259029330354,0.14596301569836984
TCGA-AO-A125-01A,-2.2521147473504595,-2.109013264442578
TCGA-AO-A126-01A,0.990665750542974,-0.0683653278612839
TCGA-AO-A128-01A,-1.1728915691564583,2.8554311419175815
TCGA-AO-A129-01A,-0.4475290211518672,1.1905074193976455
TCGA-AO-A12A-01A,0.2707184929898975,0.11116215660697784
TCGA-AO-A12B-01A,-1.1407071811994178,-0.6931109024518348
TCGA-AO-A12C-01A,1.3342201910784757,-1.2553143670018518
TCGA-AO-A12D-01A,0.8125906110341831,0.9740295709716659
TCGA-AO-A12E-01A,-0.3726945933160369,-0.755996764449015
TCGA-AO-A12F-01A,0.37535393194149547,-0.8348888071519956
TCGA-AO-A12G-01A,0.5063526287883444,-0.30151404784001634
TCGA-AO-A12H-01A,-1.0824123697125243,-1.1283212501128952
TCGA-AO-A1KO-01A,-0.3828884552656365,-0.29453518321598476
TCGA-AO-A1KP-01A,-0.615519656825102,-1.4105974705623896
TCGA-AO-A1KQ-01A,-0.267332981809861,1.0267092415393608
TCGA-AO-A1KR-01A,-1.7280169950089976,0.9643532812127581
TCGA-AO-A1KS-01A,-0.7106479508004917,-0.36041688481472683
TCGA-AO-A1KT-01A,0.5860833337897587,-0.7158029011201936
TCGA-AQ-A04H-01B,-0.09920215605859584,-0.5245269665294983
TCGA-AQ-A04J-01A,0.022754893557270218,0.8667172476163131
TCGA-AQ-A04L-01B,0.6806632835934536,-1.1201531520083992
TCGA-AQ-A0Y5-01A,1.0739038331431305,-1.4364106864109654
TCGA-AQ-A1H2-01A,-0.90644958309489,-0.636320624992189
TCGA-AQ-A1H3-01A,0.28317827696225273,0.18433993285870112
TCGA-AQ-A54N-01A,-3.7491065345921926,-0.40576314432912103
TCGA-AQ-A54O-01A,-0.7955884179110173,-0.2790215900084327
TCGA-AQ-A7U7-01A,0.8058442630220565,1.5671943659027632
TCGA-AR-A0TP-01A,-0.6119635640703225,-1.2753826733187132
TCGA-AR-A0TQ-01A,-0.27018129446158506,0.8090318209720271
TCGA-AR-A0TR-01A,-2.6697223683753455,-0.3949686895459636
TCGA-AR-A0TS-01A,-0.11881140244491802,1.1645306740350445
TCGA-AR-A0TT-01A,0.08289231785730138,1.4609650150225508
TCGA-AR-A0TU-01A,-2.0909274863081797,1.198185275798515
TCGA-AR-A0TV-01A,-1.491065670462076,0.763027214476406
TCGA-AR-A0TW-01A,-0.37602202365447124,1.1710085453704124
TCGA-AR-A0TX-01A,0.19007787749869137,1.1958744114756565
TCGA-AR-A0TY-01A,-0.5307828196348349,-0.997853282301194
TCGA-AR-A0TZ-01A,-0.1051237590454582,-0.96025772869147
TCGA-AR-A0U0-01A,-0.8421736625711504,1.5783516621952007
TCGA-AR-A0U2-01A,-0.6482093137464492,0.6054882483988814
TCGA-AR-A0U3-01A,-0.7872125483269031,-0.3457664021804097
TCGA-AR-A0U4-01A,-0.558191962958231,0.3349211902162515
TCGA-AR-A1AH-01A,-0.7913581080153291,-1.3231184464896077
TCGA-AR-A1AI-01A,-1.4511913131641465,1.5060552187114884
TCGA-AR-A1AJ-01A,-0.34121610538160413,1.6797040187762682
TCGA-AR-A1AK-01A,-0.15153500791076518,0.791834170898842
TCGA-AR-A1AL-01A,0.5971063614857817,-0.06712632310945021
TCGA-AR-A1AM-01A,0.3015703667490128,0.12554973937638444
TCGA-AR-A1AN-01A,1.040596293231926,-0.539343735101666
TCGA-AR-A1AO-01A,0.8035644703558976,1.3754927378809134
TCGA-AR-A1AP-01A,0.24119305667205787,-0.09940958580308536
TCGA-AR-A1AQ-01A,-0.2791586602044645,1.5975353930781016
TCGA-AR-A1AR-01A,-0.22554409698477876,0.7954489445297833
TCGA-AR-A1AS-01A,0.24441020200748823,-1.9673613068246343
TCGA-AR-A1AT-01A,-0.05450159266793183,1.0690668694406578
TCGA-AR-A1AU-01A,0.6754326055255573,-0.4562162915251658
TCGA-AR-A1AV-01A,0.4903597472748957,-1.3611941831744814
TCGA-AR-A1AW-01A,-0.594928024927763,2.094905556962936
TCGA-AR-A1AX-01A,0.17477062347625202,1.4334590761548263
TCGA-AR-A1AY-01A,-0.109328785955028,-0.9212129249142789
TCGA-AR-A24H-01A,-1.032474840341757,0.2268240359078775
TCGA-AR-A24K-01A,-0.2346212862865631,-1.3472792241487352
TCGA-AR-A24L-01A,0.9367150617855879,-0.6585654631471362
TCGA-AR-A24M-01A,0.6840078541010344,-1.2333108698507615
TCGA-AR-A24N-01A,0.4755297903029182,-0.5684877549808428
TCGA-AR-A24O-01A,1.0052296084066665,0.20026131280359463
TCGA-AR-A24P-01A,0.8273074817846245,-0.5059334843951777
TCGA-AR-A24Q-01A,0.7124000816143089,0.6881996434778773
TCGA-AR-A24R-01A,-0.12145880106895439,0.3256347806284941
TCGA-AR-A24S-01A,0.5482604203057146,-0.12579985878310287
TCGA-AR-A24T-01A,1.191940031134068,-0.318940252583887
TCGA-AR-A24U-01A,0.11978297655387198,0.8420552556388904
TCGA-AR-A24V-01A,1.3437562049501208,-0.5835967295828175
TCGA-AR-A24W-01A,0.45744403127934746,-0.5334051654539775
TCGA-AR-A24X-01A,0.4330924118021186,-0.09866099499438899
TCGA-AR-A24Z-01A,-0.6784393014571644,-0.8048465930131569
TCGA-AR-A250-01A,1.2228762268498925,0.015782951002584176
TCGA-AR-A251-01A,-0.22093339724075384,0.131970440572546
TCGA-AR-A252-01A,-0.19239858874889074,1.7266406956976414
TCGA-AR-A254-01A,0.6833737274648187,0.6980762267373655
TCGA-AR-A255-01A,0.7821450458397596,0.2868751671862337
TCGA-AR-A256-01A,-0.7772044428893462,-0.4026712688599181
TCGA-AR-A2LE-01A,-0.3459979556783795,-0.27161556850993746
TCGA-AR-A2LH-01A,-0.1232232269290722,1.1922915416518722
TCGA-AR-A2LJ-01A,0.506344024080744,0.6563618640226334
TCGA-AR-A2LK-01A,0.16551717974418184,-0.7975396829387192
TCGA-AR-A2LL-01A,-0.5681844947984057,-0.43919793456073225
TCGA-AR-A2LM-01A,0.9415865657551514,-0.07408459564897758
TCGA-AR-A2LN-01A,0.9152252467781308,0.016474771939885672
TCGA-AR-A2LO-01A,0.3507957427840943,0.728261037786401
TCGA-AR-A2LQ-01A,1.8417615630585416,-0.5984850757142677
TCGA-AR-A2LR-01A,-0.016351725116055454,-0.27482509011237105
TCGA-AR-A5QM-01A,0.41426473957476695,0.02407380203755214
TCGA-AR-A5QN-01A,0.14506662150175517,-0.26309320709510925
TCGA-AR-A5QP-01A,0.44025363101431936,0.09726852305003006
TCGA-AR-A5QQ-01A,0.0011243055937297853,1.4910129386869284
TCGA-B6-A0I1-01A,-2.1592279553444453,-0.9382121570189658
TCGA-B6-A0I2-01A,-1.9634314417269632,2.2335102386732664
TCGA-B6-A0I5-01A,0.045290787152552456,-0.04185218149751059
TCGA-B6-A0I6-01A,0.4942242404154191,-0.5654206780599289
TCGA-B6-A0I8-01A,0.245703181169508,-1.3539664678055685
TCGA-B6-A0I9-01A,-0.5982354068169621,-0.2432620103583171
TCGA-B6-A0IA-01A,-1.6792953938044703,-1.5709853202554709
TCGA-B6-A0IB-01A,-0.993150397583286,-1.1283717129232118
TCGA-B6-A0IC-01A,-3.0349887669529307,-2.0529344388453974
TCGA-B6-A0IE-01A,-0.3214083459259121,-0.4017003979753775
TCGA-B6-A0IG-01A,0.24038204993027118,-0.287962395292801
TCGA-B6-A0IH-01A,0.8266160723041194,0.5685451482045977
TCGA-B6-A0IJ-01A,-1.368097677208842,1.2446512961030884
TCGA-B6-A0IK-01A,-0.22720302577251003,0.025877263287311502
TCGA-B6-A0IM-01A,0.45967010383020906,-0.7975225580368128
TCGA-B6-A0IN-01A,0.268534150048091,0.39757193357568116
TCGA-B6-A0IO-01A,-0.9447100947381293,-0.11427336972264197
TCGA-B6-A0IP-01A,-0.26108399630002366,-0.23592038860724537
TCGA-B6-A0IQ-01A,-1.0050678815531355,0.43456740981675196
TCGA-B6-A0RE-01A,-0.08433272462196859,-0.8004650465532517
TCGA-B6-A0RG-01A,0.4389480214363865,-1.239889185530568
TCGA-B6-A0RH-01A,0.5467656525808493,-0.22871054982300107
TCGA-B6-A0RI-01A,0.943676102999531,-0.9834861681093442
TCGA-B6-A0RL-01A,-4.32217710763236,-1.77411806475634
TCGA-B6-A0RM-01A,-1.141891105807604,-0.7745406469205675
TCGA-B6-A0RN-01A,0.9202353165144312,-0.8742506500225787
TCGA-B6-A0RO-01A,-0.806524894391073,-0.5002341153460851
TCGA-B6-A0RP-01A,0.6308693151037219,0.21194428403771132
TCGA-B6-A0RQ-01A,-0.8639744041593549,-0.8686064497709406
TCGA-B6-A0RS-01A,-0.12157229594535283,0.7149221716956361
TCGA-B6-A0RT-01A,-0.6511388785918951,2.6249115688459344
TCGA-B6-A0RU-01A,-0.23280840664980315,-0.392464296968525
TCGA-B6-A0RV-01A,-0.6072090423845666,0.4978006777585251
TCGA-B6-A0WS-01A,0.3665105533573821,0.8167492270973852
TCGA-B6-A0WT-01A,0.7484237448640763,-0.814264992829167
TCGA-B6-A0WV-01A,-0.3779603644859552,-1.4576508329294942
TCGA-B6-A0WW-01A,0.45591096675491993,-0.576416428700685
TCGA-B6-A0WX-01A,1.0408971984197104,0.2283628069638834
TCGA-B6-A0WY-01A,0.531207156008519,0.07578788601256647
TCGA-B6-A0WZ-01A,-0.1851284793317053,-1.1065273534078615
TCGA-B6-A0X0-01A,-0.8107483414096205,-0.5660072327333555
TCGA-B6-A0X1-01A,-2.1967441622737702,1.238631244470739
TCGA-B6-A0X4-01A,-1.7142829867076657,-2.052336203254435
TCGA-B6-A0X5-01A,-0.8634268409381824,-1.5470267278585677
TCGA-B6-A0X7-01A,0.5892828796660644,-0.8127999566558771
TCGA-B6-A1KC-01B,-1.101554440753506,-1.0483886278691494
TCGA-B6-A1KF-01A,-0.2099067357249714,-1.882931074077245
TCGA-B6-A1KI-01A,0.4391704483958712,-0.9843493650793762
TCGA-B6-A1KN-01A,0.10067958455747852,-0.20475074833136828
TCGA-B6-A2IU-01A,-0.5791469686243353,-0.9098399784948005
TCGA-B6-A3ZX-01A,-0.8807947395267158,1.6372234474962666
TCGA-B6-A400-01A,0.3599361929379405,-0.06546026131403042
TCGA-B6-A401-01A,0.3081208719641764,0.1828868554588853
TCGA-B6-A402-01A,-0.7917214385288135,-0.9619642597514254
TCGA-B6-A408-01A,-0.07202723394060927,0.3806026491432649
TCGA-B6-A409-01A,-0.500757731092268,-0.20359596015202414
TCGA-B6-A40B-01A,0.5538522884932012,-0.8550225335248143
TCGA-B6-A40C-01A,0.6002357481493239,-0.13994799261426732
TCGA-BH-A0AU-01A,0.7195484099398988,0.11514799369208784
TCGA-BH-A0AV-01A,1.4189404159181238,-0.5967055750107493
TCGA-BH-A0AW-01A,0.35986209413722703,1.6022586392198528
TCGA-BH-A0AY-01A,0.9676390274037283,0.37650316457724753
TCGA-BH-A0AZ-01A,1.9119058919923269,-0.027346025683445553
TCGA-BH-A0B0-01A,1.0630715961547277,0.7288137830376371
TCGA-BH-A0B1-01A,0.49121394902992127,-0.308777333813865
TCGA-BH-A0B2-01A,0.8540311896876798,0.9590491384059238
TCGA-BH-A0B3-01A,0.4487889939293776,0.6999315984824813
TCGA-BH-A0B4-01A,1.1947905931666936,0.24537624886588424
TCGA-BH-A0B5-01A,0.6085715725425029,0.006793758914428829
TCGA-BH-A0B6-01A,0.21786637661462435,2.2774256500569585
TCGA-BH-A0B7-01A,0.33393133847841483,0.9713361555381896
TCGA-BH-A0B8-01A,-0.10681199344373637,-0.4562505545885876
TCGA-BH-A0B9-01A,-2.0559796256391274,1.5705344923281106
TCGA-BH-A0BA-01A,-0.04470211022875649,0.12018550755955668
TCGA-BH-A0BC-01A,0.49204901872529094,0.34019731096401007
TCGA-BH-A0BD-01A,0.3329928757478799,0.4941795817127191
TCGA-BH-A0BF-01A,1.196330890415053,1.4576554466578175
TCGA-BH-A0BG-01A,-0.6585768611180728,1.2965193829469366
TCGA-BH-A0BJ-01A,0.711411245149548,0.11001772096374762
TCGA-BH-A0BL-01A,1.0053091684962998,0.9298611940192745
TCGA-BH-A0BM-01A,0.29296016949898857,-0.1714564790926268
TCGA-BH-A0BO-01A,0.7218556810642329,-0.3781065413150873
TCGA-BH-A0BP-01A,0.6516956338249037,-0.5938670271573427
TCGA-BH-A0BQ-01A,1.0265709207430391,0.5398242068362142
TCGA-BH-A0BR-01A,1.1615504012739366,0.14437952633877305
TCGA-BH-A0BS-01A,-0.7628501936188489,-1.4296632892519732
TCGA-BH-A0BT-01A,-0.08594563968550459,0.428906609416624
TCGA-BH-A0BV-01A,0.6856085812259951,0.2004403327518982
TCGA-BH-A0BW-01A,-0.8585741291360527,0.9297774905733683
TCGA-BH-A0BZ-01A,0.9557063209732684,1.452387177407741
TCGA-BH-A0C0-01A,-0.9787601028503333,1.8750952162920416
TCGA-BH-A0C1-01B,0.705690720166585,0.47102417210383696
TCGA-BH-A0C3-01A,0.730765612990736,0.48468464022467506
TCGA-BH-A0C7-01B,0.5257697352384865,-0.2396200925147361
TCGA-BH-A0DD-01A,-0.4259375680895732,-0.21134709558685444
TCGA-BH-A0DE-01A,0.227038382960807,0.10958550610196162
TCGA-BH-A0DG-01A,1.3184588454274906,0.3314802635122672
TCGA-BH-A0DH-01A,-0.31290160955983687,-0.23265075959924983
TCGA-BH-A0DI-01A,1.6503917454180939,0.2939916392269999
TCGA-BH-A0DK-01A,0.7185405416094939,1.186447396189235
TCGA-BH-A0DL-01A,-1.249091025851266,1.0424846415783493
TCGA-BH-A0DO-01B,-0.17344875829786152,-0.6551439949083446
TCGA-BH-A0DP-01A,0.7079614941014087,0.19876211229770405
TCGA-BH-A0DQ-01A,1.2416535957965755,-0.3523799692296677
TCGA-BH-A0DS-01A,0.35593469222857477,0.28390229579860177
TCGA-BH-A0DT-01A,0.41901621845335485,0.13825314865622518
TCGA-BH-A0DV-01A,1.6504245197646707,-0.17828528513106282
TCGA-BH-A0DX-01A,1.0410589499770693,-0.09960641209796776
TCGA-BH-A0DZ-01A,1.374916486921426,0.15092485934097827
TCGA-BH-A0E0-01A,-1.2592060295993304,-0.5859449355072693
TCGA-BH-A0E1-01A,0.33283710060555155,-1.1655866529633805
TCGA-BH-A0E2-01A,0.7319319795342591,0.13958613192882668
TCGA-BH-A0E6-01A,-0.3395490951477175,0.46228352177597276
TCGA-BH-A0E7-01A,-0.021554049166030976,-1.6740966380729492
TCGA-BH-A0E9-01B,-0.22941782778824799,0.13083138127550825
TCGA-BH-A0EA-01A,0.477076288256144,-0.42592973336401524
TCGA-BH-A0EB-01A,0.7278668883189352,0.20864359469348862
TCGA-BH-A0EE-01A,-2.2536272688989056,0.2564894375188482
TCGA-BH-A0EI-01A,1.1701493845496667,-1.5498987257620935
TCGA-BH-A0GY-01A,0.23561863657577725,0.03739131647152116
TCGA-BH-A0GZ-01A,0.6436240422291771,-0.512102874457833
TCGA-BH-A0H0-01A,-1.8549906183960843,-0.6592953774307501
TCGA-BH-A0H3-01A,0.8153606840105073,0.04010088771823681
TCGA-BH-A0H5-01A,-0.30304684192968184,2.4158888041948563
TCGA-BH-A0H6-01A,0.7491835489641028,-1.0669974589980256
TCGA-BH-A0H7-01A,1.4915381130611083,-0.33368197562412133
TCGA-BH-A0H9-01A,-0.20058420143489183,-0.548734529459254
TCGA-BH-A0HA-01A,1.1038314763577395,0.5952593104471873
TCGA-BH-A0HB-01A,-0.2460024794576638,0.8075907610800085
TCGA-BH-A0HF-01A,0.798548187313072,0.0910247657906282
TCGA-BH-A0HI-01A,0.42447833614978947,-0.6691502617120079
TCGA-BH-A0HK-01A,-0.01224720537579913,-0.3723902078423164
TCGA-BH-A0HL-01A,-0.9359328983289366,-1.8688735616749557
TCGA-BH-A0HN-01A,-1.8161725011656416,-1.5256408816805138
TCGA-BH-A0HO-01A,-0.29523046776860784,-0.685292711585077
TCGA-BH-A0HP-01A,0.33621794723812526,-0.07949990128228425
TCGA-BH-A0HQ-01A,0.8939117411538715,-0.9443990982623164
TCGA-BH-A0HU-01A,-0.32107077924178096,-0.10034560759749371
TCGA-BH-A0HW-01A,-1.5322186983359272,-1.7527592700003258
TCGA-BH-A0HX-01A,0.4378202807230173,-0.44338730402026044
TCGA-BH-A0HY-01A,0.5509983762510566,-0.8901120231783529
TCGA-BH-A0RX-01A,0.19733759382966692,2.0424236047535853
TCGA-BH-A0W3-01A,-1.1684433416516469,-1.3171007153278556
TCGA-BH-A0W4-01A,0.7121759908041065,-0.9903325844177313
TCGA-BH-A0W5-01A,0.3597837004796329,1.0213782816393646
TCGA-BH-A0W7-01A,0.7047621229268044,1.0193149200569072
TCGA-BH-A0WA-01A,0.1513724429766392,0.17039786822943598
TCGA-BH-A18F-01A,0.5413699633572624,0.44078913505180234
TCGA-BH-A18G-01A,0.2247642320894181,-0.0719460518174423
TCGA-BH-A18H-01A,-0.5785706359504317,1.805109040858284
TCGA-BH-A18I-01A,1.0453959342031067,0.38770744031381815
TCGA-BH-A18J-01A,0.6749902628089467,-1.1854977394318815
TCGA-BH-A18K-01A,0.8325672676287427,-0.6863446186724845
TCGA-BH-A18L-01A,-1.5711019065584124,-0.6596901513597704
TCGA-BH-A18M-01A,0.9070947066749653,-0.2836174388781786
TCGA-BH-A18N-01A,-0.29400295348242306,-1.5706164253254489
TCGA-BH-A18P-01A,0.34944494709542095,0.11459481926715233
TCGA-BH-A18Q-01A,-0.8657647172432684,0.7697764727482276
TCGA-BH-A18R-01A,-0.23258984175304076,-0.08509876478540061
TCGA-BH-A18S-01A,-1.4467772412373452,-0.9528200140126202
TCGA-BH-A18T-01A,-0.833314257251131,0.07243338658008157
TCGA-BH-A18U-01A,0.13541022205518857,-0.24932237853998368
TCGA-BH-A18V-01A,0.24505992354882636,0.7181351732691
TCGA-BH-A1EN-01A,0.08542977225636131,-0.9781089081372912
TCGA-BH-A1EO-01A,1.1839721954207458,-0.29500490515023714
TCGA-BH-A1ES-01A,0.47161033701576455,-1.5501597409820913
TCGA-BH-A1ET-01A,0.20428244724277742,-0.150490735043909
TCGA-BH-A1EU-01A,0.2605586250082924,0.7477443843252607
TCGA-BH-A1EV-01A,0.6493747111075356,-1.4950397902107824
TCGA-BH-A1EW-01A,-0.629303558086286,0.5505242464460118
TCGA-BH-A1EX-01A,0.5193156830615397,-0.17502150458321902
TCGA-BH-A1EY-01A,0.6977602891982324,0.40651175748210483
TCGA-BH-A1F0-01A,-0.1172821395101987,1.3324020628751299
TCGA-BH-A1F2-01A,0.6302948530917613,-1.0934786928664908
TCGA-BH-A1F5-01A,-0.6678588934197245,-1.3288949233205283
TCGA-BH-A1F6-01A,-0.3856990865138245,1.0248363728375423
TCGA-BH-A1F8-01A,-0.09951266199281306,-0.36462612414991524
TCGA-BH-A1FB-01A,0.6011303880981276,0.9103361655397536
TCGA-BH-A1FC-01A,-0.8897351922967566,1.613259456132731
TCGA-BH-A1FD-01A,0.0822183659943817,-1.1268771527741377
TCGA-BH-A1FE-01A,0.7157571661648323,0.9754971117994169
TCGA-BH-A1FG-01A,-0.8413571890626488,-0.6579482986727895
TCGA-BH-A1FH-01A,1.6208557456385193,-0.13487172448772036
TCGA-BH-A1FJ-01A,-0.6105051055228442,-1.4326494731600188
TCGA-BH-A1FL-01A,-0.2595094862700297,-0.6144355266657106
TCGA-BH-A1FM-01A,0.7818989115015496,-1.226810888102465
TCGA-BH-A1FN-01A,0.24026432695007527,-0.6984732094409283
TCGA-BH-A1FR-01A,-0.6498219231994241,-0.08722969919584266
TCGA-BH-A1FU-01A,1.0079968603700724,0.3009523109696041
TCGA-BH-A201-01A,0.9116642708346465,-0.6761670914328015
TCGA-BH-A202-01A,-0.0591243531603934,0.8023771357769957
TCGA-BH-A203-01A,-0.06250333449058039,0.46382424255989313
TCGA-BH-A204-01A,-0.16038727853729104,-1.4481646316733856
TCGA-BH-A208-01A,2.503526903212017,-0.04568157106069396
TCGA-BH-A209-01A,-0.8416157098509928,1.8508382420507368
TCGA-BH-A28O-01A,0.9432919897019426,0.0666249305128059
TCGA-BH-A28Q-01A,0.35260672054103653,-0.45286634908337914
TCGA-BH-A2L8-01A,0.5182185795287821,1.5268702452431968
TCGA-BH-A42T-01A,-0.07332798711898383,-0.19923655785611177
TCGA-BH-A42U-01A,0.12728814321045123,0.77832466464354
TCGA-BH-A42V-01A,0.22303129512885617,0.3411908173666485
TCGA-BH-A5IZ-01A,-0.6417484399972487,-0.48960494551574263
TCGA-BH-A5J0-01A,0.6624247447746472,0.881101353629455
TCGA-BH-A6R8-01A,-0.6839167811275925,0.2182535379811969
TCGA-BH-A6R9-01A,2.213115649801537,0.8804864235736104
TCGA-BH-A8FY-01A,-1.981164288982366,-1.4816667510991823
TCGA-BH-A8FZ-01A,0.23967674185196958,0.644178692985275
TCGA-BH-A8G0-01A,0.8716319256846827,0.40055244559397274
TCGA-BH-AB28-01A,0.0493318098004172,0.023256697278582514
TCGA-C8-A12K-01A,-0.8546978086682996,1.819331769225018
TCGA-C8-A12L-01A,-0.19668552154996558,0.01822840052317165
TCGA-C8-A12M-01A,-0.7013743355228605,0.053951678869345134
TCGA-C8-A12N-01A,1.0437829269771128,-0.5812471687188355
TCGA-C8-A12O-01A,1.1223052973666188,0.03965127701618619
TCGA-C8-A12P-01A,0.8626799398062875,-0.13300309954517597
TCGA-C8-A12Q-01A,0.5374813107166332,-0.28871548439350797
TCGA-C8-A12T-01A,1.3886271749056227,-0.1416375906169028
TCGA-C8-A12U-01A,-1.667946660113898,1.2830012581268064
TCGA-C8-A12V-01A,-0.8872499892268444,2.4613238973649687
TCGA-C8-A12W-01A,1.0757140745217175,-0.2782159263494289
TCGA-C8-A12X-01A,-0.596526578177378,-0.3789539713990147
TCGA-C8-A12Y-01A,0.25645429114339163,-0.4312617592947851
TCGA-C8-A12Z-01A,0.36269306574173116,-1.3155064562016083
TCGA-C8-A130-01A,0.3254057661046392,0.10588977260433817
TCGA-C8-A131-01A,0.7172791619196148,0.2055284010390274
TCGA-C8-A132-01A,0.8980952130313101,0.9563439872349877
TCGA-C8-A133-01A,-2.7503473504530818,-1.4671444115116077
TCGA-C8-A134-01A,-1.2154228849133137,0.7347337230170428
TCGA-C8-A135-01A,0.4888098686131677,0.3760109354841349
TCGA-C8-A137-01A,0.6888019459730697,-1.3222691348677909
TCGA-C8-A138-01A,0.7117418824651246,1.5449699118078368
TCGA-C8-A1HE-01A,-0.3044536864933491,-0.6692511791498024
TCGA-C8-A1HF-01A,0.7536671244824409,1.400312535985157
TCGA-C8-A1HG-01A,-0.13697174347723623,1.4625910421801984
TCGA-C8-A1HI-01A,-0.15052506722775866,-0.572074410636067
TCGA-C8-A1HJ-01A,-1.1092694689030176,0.33970699565060297
TCGA-C8-A1HK-01A,-0.6204703736466486,-0.06980714073103547
TCGA-C8-A1HL-01A,0.5686646404003248,-0.8237025905758723
TCGA-C8-A1HM-01A,-1.4842656000520118,2.5030062956658035
TCGA-C8-A1HN-01A,-0.44813538183989277,-0.7959889943771878
TCGA-C8-A1HO-01A,-0.6825724294638662,-0.5658098360923411
TCGA-C8-A26V-01A,-0.15466935944301835,-0.10744026965404663
TCGA-C8-A26W-01A,0.2215452563242492,0.5397949635440489
TCGA-C8-A26X-01A,0.40398156791818884,1.5079008986291629
TCGA-C8-A26Y-01A,-0.8516092477154444,-0.11932488517780386
TCGA-C8-A26Z-01A,0.33246790476460186,-1.072610635614724
TCGA-C8-A273-01A,0.697561044031928,-0.6702311880968057
TCGA-C8-A274-01A,-0.6644056843868669,-0.9634970317045523
TCGA-C8-A275-01A,-0.27011642148084253,1.2189292827788332
TCGA-C8-A278-01A,0.31245837346473976,0.9054635539934781
TCGA-C8-A27A-01A,-0.5215271336918095,-0.7748568898563698
TCGA-C8-A27B-01A,-1.5004952559999825,1.4104457899986067
TCGA-C8-A3M7-01A,0.0017363111400025444,-0.014940538449065241
TCGA-C8-A3M8-01A,0.3590073864474307,-0.8055618759454656
TCGA-C8-A8HP-01A,-0.22003223970370245,1.1929666548707765
TCGA-C8-A8HQ-01A,0.9617383778480144,0.5947800627902147
TCGA-C8-A8HR-01A,1.0232059268368043,0.7858013066624411
TCGA-D8-A13Y-01A,-0.5381585962319869,-1.3382128852402826
TCGA-D8-A13Z-01A,0.4057903607003087,0.2838272711471171
TCGA-D8-A140-01A,-0.2069176778011554,0.16042854868613382
TCGA-D8-A141-01A,1.410010469413489,1.3583107668096235
TCGA-D8-A142-01A,1.17186810054835,0.03024205617986702
TCGA-D8-A143-01A,-0.9125965626182244,0.45339827819573514
TCGA-D8-A145-01A,0.48046106452700715,-0.084396536245726
TCGA-D8-A146-01A,0.8515619314419333,-0.12509949322347497
TCGA-D8-A147-01A,-0.9277217253840453,0.23716764676299448
TCGA-D8-A1J8-01A,-0.16445294029589078,1.5207888624736234
TCGA-D8-A1J9-01A,0.5014842026643634,-0.5518944580772583
TCGA-D8-A1JA-01A,0.029614230670555464,-0.8282182928514408
TCGA-D8-A1JB-01A,-0.13210382027910628,1.3757081671285936
TCGA-D8-A1JC-01A,0.39784459997788224,0.20334340687733268
TCGA-D8-A1JD-01A,0.9252932189608838,-0.37299020353659335
TCGA-D8-A1JE-01A,0.9343684565635941,-0.480285746889539
TCGA-D8-A1JF-01A,0.3798571747300403,-0.035273633826183794
TCGA-D8-A1JG-01B,0.09562978266329236,0.7040862915568997
TCGA-D8-A1JH-01A,0.779714103256886,-0.007162631906252506
TCGA-D8-A1JI-01A,-1.524149789513528,-0.8535802654080454
TCGA-D8-A1JJ-01A,0.8767700902732649,-0.5964368041339628
TCGA-D8-A1JK-01A,0.5343599311018079,1.1695300751731816
TCGA-D8-A1JL-01A,0.0110865658173674,1.207335654308504
TCGA-D8-A1JM-01A,-2.4574196358424643,0.7584910015894478
TCGA-D8-A1JN-01A,-2.1050450332391337,-0.085452326845088
TCGA-D8-A1JP-01A,0.8366309694193307,0.10545024285691665
TCGA-D8-A1JS-01A,-2.1402136325913763,-1.2357280135063284
TCGA-D8-A1JT-01A,-1.8041508417788823,-1.2656374652694395
TCGA-D8-A1JU-01A,1.2632936864260114,0.4629790891935358
TCGA-D8-A1X5-01A,0.618651960402527,-0.3110004270923542
TCGA-D8-A1X6-01A,-1.2523534652511628,-0.8011812763689198
TCGA-D8-A1X7-01A,0.07551148101483719,-1.1131965642934987
TCGA-D8-A1X8-01A,-0.016916431649154427,-0.1041607886200407
TCGA-D8-A1X9-01A,0.5647345141618991,-0.006950031877948126
TCGA-D8-A1XA-01A,-0.014091961966272562,-0.7940893274658195
TCGA-D8-A1XB-01A,1.2139830704233756,-0.9297130507254082
TCGA-D8-A1XC-01A,-2.065036488561087,-1.6724766966898967
TCGA-D8-A1XD-01A,0.7756496384991248,-1.4407442455560382
TCGA-D8-A1XF-01A,-0.9231730863728862,-0.6897424120908419
TCGA-D8-A1XG-01A,0.07767929745201607,-1.7406446138221856
TCGA-D8-A1XJ-01A,0.3130300032518776,-1.2760753156308928
TCGA-D8-A1XK-01A,-1.9607028168798863,0.7377445841881771
TCGA-D8-A1XL-01A,-0.8794252928262203,1.2785234026346957
TCGA-D8-A1XM-01A,0.551736893490915,0.5092767084160079
TCGA-D8-A1XO-01A,0.8191913640248718,-0.31810239458079465
TCGA-D8-A1XQ-01A,-0.36288751616790693,0.6804625059095096
TCGA-D8-A1XR-01A,-0.11455235426186941,-1.150213550207398
TCGA-D8-A1XS-01A,0.48066408908248104,-0.38913884780085295
TCGA-D8-A1XT-01A,0.8902982052804772,-0.3293293480618954
TCGA-D8-A1XU-01A,0.9809403283270685,-0.582052617842649
TCGA-D8-A1XV-01A,-1.6184352638833694,-1.5309916718910241
TCGA-D8-A1XW-01A,0.09502330717185406,-0.02082111359691352
TCGA-D8-A1XY-01A,0.865684359620208,-1.0446714346001647
TCGA-D8-A1XZ-01A,0.2760296269300941,-0.1276774610855591
TCGA-D8-A1Y0-01A,0.25217265856901816,0.6165282227449447
TCGA-D8-A1Y1-01A,1.1306618362849528,-0.845918928927768
TCGA-D8-A1Y2-01A,0.8541445779284305,0.8736938611750681
TCGA-D8-A1Y3-01A,-0.7398419389127762,0.3045186320615846
TCGA-D8-A27E-01A,-1.2029608765661546,-0.40057077656645623
TCGA-D8-A27F-01A,0.2343060957530966,-0.8110165483229309
TCGA-D8-A27G-01A,0.7640523282733289,0.5440017408722498
TCGA-D8-A27H-01A,0.7972833796108147,-0.8047897284571274
TCGA-D8-A27I-01A,1.1169410946336191,0.4577229787411444
TCGA-D8-A27K-01A,0.17922723845663405,0.08252571533974411
TCGA-D8-A27L-01A,0.8031967696071384,0.1087278063237751
TCGA-D8-A27M-01A,0.5468510769480829,1.0863410385197196
TCGA-D8-A27N-01A,1.0583180416724893,-0.006157437495450514
TCGA-D8-A27P-01A,0.28631178719047906,-0.987186933528253
TCGA-D8-A27R-01A,-0.003297823721225668,0.4140762552856528
TCGA-D8-A27T-01A,0.939676078687733,0.5363706118994933
TCGA-D8-A27V-01A,0.2370798292490761,-0.10492500323876383
TCGA-D8-A27W-01A,-0.026612876719555055,0.16017388371489716
TCGA-D8-A3Z5-01A,-0.6615608193885462,-0.27194957123963226
TCGA-D8-A3Z6-01A,0.6566175814095276,-0.9019273870702808
TCGA-D8-A4Z1-01A,0.2411296931358788,0.03279975846886264
TCGA-D8-A73U-01A,0.6618106512717382,1.9341607975285868
TCGA-D8-A73W-01A,0.35411814939123964,-0.3826211802453052
TCGA-D8-A73X-01A,0.520612443534288,-0.5621072646202009
TCGA-E2-A105-01A,-0.589819068498398,-0.9911352605349818
TCGA-E2-A106-01A,-0.48934057984684876,-1.1541010155319085
TCGA-E2-A107-01A,-0.7610557879083155,-0.34574533325389006
TCGA-E2-A108-01A,0.7807741402166004,2.0661602617653223
TCGA-E2-A109-01A,0.31904730971711165,-0.35669509774065583
TCGA-E2-A10A-01A,0.24599002405321307,-1.2664637470008806
TCGA-E2-A10B-01A,0.21817097105040242,-0.031185996530227973
TCGA-E2-A10C-01A,-0.741543967880179,0.7195439172173236
TCGA-E2-A10E-01A,0.1903842870169168,-0.0897980587054201
TCGA-E2-A10F-01A,0.9495280826558478,0.27490541164935844
TCGA-E2-A14N-01A,-1.8905887181253562,0.3666459556291163
TCGA-E2-A14O-01A,-0.32689278418284134,-0.4919537643760578
TCGA-E2-A14P-01A,-0.9375364539082337,0.46072982588489836
TCGA-E2-A14Q-01A,0.06272002455272856,0.027414246437413532
TCGA-E2-A14R-01A,-1.41618055820605,0.9720303756733973
TCGA-E2-A14S-01A,-1.2298579318794691,-0.22204559217182013
TCGA-E2-A14T-01A,-0.40202930892431904,-0.7429064963147702
TCGA-E2-A14U-01A,-1.9180734231398318,-0.5634769468062389
TCGA-E2-A14V-01A,0.1640398967221146,-0.7811233765317068
TCGA-E2-A14W-01A,-0.8413197341673074,-1.3059888747865627
TCGA-E2-A14X-01A,-0.33688282102916617,0.7126531091388986
TCGA-E2-A14Y-01A,-0.7842421834968943,-0.4477108957197041
TCGA-E2-A14Z-01A,0.03411230429017779,1.0780004418611888
TCGA-E2-A150-01A,0.093858182782837,0.11153097532878366
TCGA-E2-A152-01A,1.1941845667913598,-0.7005095785839895
TCGA-E2-A153-01A,1.4314662720404763,-1.0436590883920676
TCGA-E2-A154-01A,0.33601464585771873,-1.2366188101743611
TCGA-E2-A155-01A,-1.0541825979170028,-0.987034815344675
TCGA-E2-A156-01A,-1.6012202199666536,-2.0009974196563585
TCGA-E2-A158-01A,-2.0909780296209197,-0.7603368203618481
TCGA-E2-A159-01A,-0.2003611884648147,1.4338880448341502
TCGA-E2-A15A-01A,0.38134933636767065,0.4889929844213333
TCGA-E2-A15C-01A,0.37469432290793736,-0.17129187102490764
TCGA-E2-A15D-01A,-0.17688239114469487,-0.03649786197210357
TCGA-E2-A15E-01A,0.2980793313643316,-0.651842365816347
TCGA-E2-A15F-01A,-0.6956528291377321,-0.6513054779099791
TCGA-E2-A15G-01A,-0.8510893474327457,-0.9297979918478739
TCGA-E2-A15H-01A,0.5372321790626738,-0.7208870384072762
TCGA-E2-A15I-01A,-0.1783968346579339,0.4208607485751235
TCGA-E2-A15J-01A,-0.42125310062269705,-1.5691750636622837
TCGA-E2-A15K-01A,-0.24097960733576435,0.7856199845628068
TCGA-E2-A15L-01A,1.200702515695729,-1.5583412041801434
TCGA-E2-A15M-01A,0.1502234573705631,1.0321379644139503
TCGA-E2-A15O-01A,-0.9034081441961648,-0.6306972336333251
TCGA-E2-A15P-01A,0.07127176309279712,-0.5848409227246348
TCGA-E2-A15R-01A,-0.26975726433786523,-1.46142625073299
TCGA-E2-A15S-01A,-1.2729212594330854,-1.0194799695290244
TCGA-E2-A15T-01A,-1.2580921342895768,-1.0254788123433427
TCGA-E2-A1AZ-01A,0.2619632461498847,0.891995951494042
TCGA-E2-A1B0-01A,0.6441039820473209,0.3567761102080923
TCGA-E2-A1B1-01A,0.5839163818744253,0.6144929074260145
TCGA-E2-A1B4-01A,-0.20347713097672582,-1.1330283754905086
TCGA-E2-A1B5-01A,-0.4471691230576308,1.8427682130319096
TCGA-E2-A1B6-01A,-1.9033189538737865,2.260880248893395
TCGA-E2-A1BC-01A,0.8312021523912534,-0.8374783862874038
TCGA-E2-A1BD-01A,0.11325926354000933,-0.6023606494003266
TCGA-E2-A1IE-01A,-0.43027373497101734,-1.237191894235682
TCGA-E2-A1IF-01A,0.840416745583093,-0.2658846771852563
TCGA-E2-A1IG-01A,1.109705357361155,-0.8040636948977075
TCGA-E2-A1IH-01A,0.6846223447564583,1.2685424069130777
TCGA-E2-A1II-01A,-1.8948851888089486,2.456161193637858
TCGA-E2-A1IJ-01A,1.268045130712729,0.638643483864487
TCGA-E2-A1IK-01A,-1.3749624781516767,0.5774058248158696
TCGA-E2-A1IL-01A,0.4389833980440316,-0.752676752052439
TCGA-E2-A1IN-01A,1.2895709061456437,-1.201101328683928
TCGA-E2-A1IO-01A,1.3234422182281156,0.42932381462258346
TCGA-E2-A1IU-01A,-0.8389756014461256,-0.16042933650634167
TCGA-E2-A1L6-01A,0.12215252908658888,-0.5712223176483302
TCGA-E2-A1L7-01A,-0.2341202437280622,1.1637274128143809
TCGA-E2-A1L8-01A,0.20479644872801547,-0.23512275321502482
TCGA-E2-A1L9-01A,1.1643872065906926,-0.41104285620671854
TCGA-E2-A1LA-01A,0.12391431701465927,1.462143149607673
TCGA-E2-A1LB-01A,0.5418351313679085,-0.9336262505020407
TCGA-E2-A1LE-01A,0.7884844871080194,1.0357236858880123
TCGA-E2-A1LG-01A,-2.389708932658654,0.07993828521224208
TCGA-E2-A1LH-01A,-0.4150562404289483,1.9087912579441269
TCGA-E2-A1LI-01A,-0.9529730542911657,0.2045427500861948
TCGA-E2-A1LK-01A,-1.7495016177843716,-0.9594597307649825
TCGA-E2-A1LL-01A,-0.7174282309943883,-0.877910913956873
TCGA-E2-A1LS-01A,-1.5297937627914593,-0.8619572762380462
TCGA-E2-A2P5-01A,0.36129406947955134,-0.035892831460763656
TCGA-E2-A2P6-01A,-0.6075197730578511,-0.7100309778602819
TCGA-E2-A3DX-01A,0.9277070218042434,1.1191068160328057
TCGA-E2-A56Z-01A,-0.6775560360884297,-0.3012954805067443
TCGA-E2-A570-01A,0.8123119882195479,-0.8485797322343481
TCGA-E2-A572-01A,-2.120762144910834,-0.2568542836962902
TCGA-E2-A573-01A,-0.8855693767887282,1.3107869444759017
TCGA-E2-A574-01A,-1.7300838347246241,-1.2018668350248056
TCGA-E2-A576-01A,-0.5941530268350399,-0.2971947603629252
TCGA-E2-A9RU-01A,0.03995732108858565,-0.6174663558693183
TCGA-E9-A1N3-01A,-1.2183378118721355,-1.3353490234562204
TCGA-E9-A1N4-01A,0.5537539512559507,0.17006763781211304
TCGA-E9-A1N5-01A,0.748681970063495,0.5817061514058921
TCGA-E9-A1N6-01A,1.2301434558960178,-0.7116817402755172
TCGA-E9-A1N8-01A,-1.4083753475891463,-0.7025099535304392
TCGA-E9-A1N9-01A,0.12514520545891442,0.11721394000130204
TCGA-E9-A1NA-01A,0.8527226379351447,-0.6272122964624379
TCGA-E9-A1NC-01A,0.5403341904891606,1.259153870803518
TCGA-E9-A1ND-01A,-0.3712753841088251,1.8028902046552153
TCGA-E9-A1NE-01A,-0.030733349528362753,1.9354526329423134
TCGA-E9-A1NF-01A,2.0317484381231443,-0.11847272239972757
TCGA-E9-A1NG-01A,1.5989525198102073,-0.4813383088991637
TCGA-E9-A1NH-01A,1.2496287016025192,-0.3095429765519012
TCGA-E9-A1NI-01A,0.688196167434163,-1.0969322367112193
TCGA-E9-A1QZ-01A,-0.30883742660739105,1.179945257989196
TCGA-E9-A1R0-01A,0.22331502038725795,0.319116804110737
TCGA-E9-A1R2-01A,0.06345112660368527,0.13956453256019472
TCGA-E9-A1R3-01A,0.9591586970615287,-0.510808622340149
TCGA-E9-A1R4-01A,-0.05248372152065549,0.5402538798316681
TCGA-E9-A1R5-01A,0.8013615052445825,-1.0359362954943012
TCGA-E9-A1R6-01A,0.1266516073234735,-1.1505183100134875
TCGA-E9-A1R7-01A,-0.5099216538013124,-1.0210353312703486
TCGA-E9-A1RA-01A,0.3842017280866518,-0.21107430008300793
TCGA-E9-A1RB-01A,-0.11473266466796353,-0.9297392564152324
TCGA-E9-A1RC-01A,0.2962386223235632,-1.9748625829421194
TCGA-E9-A1RD-01A,0.044979730611067685,-0.974751539176465
TCGA-E9-A1RE-01A,-0.18021958361329674,-0.5296437238390098
TCGA-E9-A1RF-01A,0.6288483327135104,0.9682511588930506
TCGA-E9-A1RG-01A,0.25451953488376833,0.1842515195593645
TCGA-E9-A1RH-01A,0.18091182886138685,-0.7293665837172348
TCGA-E9-A1RI-01A,1.1307589210088516,-0.4882704524206768
TCGA-E9-A226-01A,0.9909620099433883,-1.4096747323385403
TCGA-E9-A227-01A,0.38274138416000786,0.8177055368103107
TCGA-E9-A228-01A,-0.5016107007581557,-1.0526112261646083
TCGA-E9-A229-01A,1.056290863578607,-0.23248837613271497
TCGA-E9-A22A-01A,1.5847339204558595,0.9602661266895136
TCGA-E9-A22B-01A,0.7000063116545386,-0.32397511530677925
TCGA-E9-A22D-01A,-0.3476627438134442,2.842328879927814
TCGA-E9-A22E-01A,2.1230799639992615,0.6560013036819949
TCGA-E9-A22G-01A,-1.5493240574503175,-0.2330812025856608
TCGA-E9-A22H-01A,-0.8521523162302149,0.058066422587957266
TCGA-E9-A243-01A,0.09219683184286703,1.977599856769148
TCGA-E9-A244-01A,0.09265180868920037,-0.09074548361524817
TCGA-E9-A245-01A,-0.6828937097189567,-0.7806677263790387
TCGA-E9-A247-01A,-0.35054913711759583,-0.8045110619681008
TCGA-E9-A248-01A,-1.0053815224063558,1.6577144858383568
TCGA-E9-A249-01A,-0.7320842959521774,-0.4544203434185548
TCGA-E9-A24A-01A,0.49999003755964233,-0.47720365302404294
TCGA-E9-A295-01A,0.46140894989527104,-0.0001452615481925823
TCGA-E9-A2JS-01A,0.28570601826280506,-0.694044988774486
TCGA-E9-A2JT-01A,-0.7244524071741127,2.1822271686528545
TCGA-E9-A3HO-01A,-0.48151643952844186,0.4157708598796462
TCGA-E9-A3Q9-01A,-1.487397426053358,0.031562305876452736
TCGA-E9-A3QA-01A,-0.8828753178504172,1.559875758435451
TCGA-E9-A3X8-01A,0.3721274396968308,1.3345836813055219
TCGA-E9-A54X-01A,-3.2944897074747543,-2.0893208199640187
TCGA-E9-A54Y-01A,-3.0522394282813052,-0.9985901752511976
TCGA-E9-A5FK-01A,-0.11909977896442556,1.9782686417356703
TCGA-E9-A5FL-01A,-0.2984979123267698,-0.55347503286757
TCGA-E9-A5UO-01A,-1.5701402362685517,-1.749951569230151
TCGA-E9-A5UP-01A,-3.0258298433345607,-1.223680380265238
TCGA-E9-A6HE-01A,0.489238634929149,0.13206845103392137
TCGA-EW-A1IW-01A,0.30207460187772084,0.06568804699149375
TCGA-EW-A1IX-01A,1.1006689692488325,-0.34551607444259796
TCGA-EW-A1IY-01A,0.436244886784774,1.162295250333031
TCGA-EW-A1IZ-01A,-1.2119662767349593,2.370670689300592
TCGA-EW-A1J1-01A,-0.6974746825582192,0.606344873241851
TCGA-EW-A1J2-01A,0.9003935978669328,0.14297103642487333
TCGA-EW-A1J3-01A,-0.2086390445614536,-0.6995583169789571
TCGA-EW-A1J5-01A,-0.3766819645570045,0.8394560317533301
TCGA-EW-A1J6-01A,-1.6559133161752615,0.551703109191953
TCGA-EW-A1OV-01A,-0.37248928260940006,1.956976247957368
TCGA-EW-A1OW-01A,0.7690267786863816,-0.09652011755200703
TCGA-EW-A1OX-01A,-1.7558223473505177,-1.8826002284468828
TCGA-EW-A1OY-01A,-0.4386072020074433,-0.5730965998329627
TCGA-EW-A1OZ-01A,0.7866680230041461,-0.306323297135576
TCGA-EW-A1P0-01A,-0.24496632876770366,-0.21822313939368954
TCGA-EW-A1P1-01A,0.9899472454252554,0.7478680695085203
TCGA-EW-A1P3-01A,0.002562807128924213,-0.6196968622842355
TCGA-EW-A1P4-01A,-0.1674609433647825,1.6455958025974498
TCGA-EW-A1P5-01A,-0.2577264220042527,-0.1585824158741766
TCGA-EW-A1P6-01A,0.19205822708331577,-0.6612848761671711
TCGA-EW-A1P7-01A,0.2960628329623323,1.618446239187438
TCGA-EW-A1P8-01A,-0.5251875210961288,-0.11316037995929676
TCGA-EW-A1PA-01A,-0.24764147812533768,-0.14998038610054157
TCGA-EW-A1PB-01A,-2.0059598300418386,2.025764816689512
TCGA-EW-A1PC-01B,-0.08904531901695956,-0.906627822713565
TCGA-EW-A1PD-01A,0.9819929274219497,-0.844950716468108
TCGA-EW-A1PE-01A,0.2561727645605246,0.580693055352193
TCGA-EW-A1PF-01A,0.9687952558221523,-0.15889650029452568
TCGA-EW-A1PG-01A,0.790838173179955,-0.6104400996905943
TCGA-EW-A1PH-01A,-0.8320873519425325,0.2654531886212511
TCGA-EW-A2FR-01A,1.980630223919393,-0.07262933931154221
TCGA-EW-A2FS-01A,-0.6826483880631199,0.3230439674327405
TCGA-EW-A2FV-01A,-0.065915378661146,0.546557813957744
TCGA-EW-A2FW-01A,0.10555787435966317,-0.634299352060263
TCGA-EW-A3E8-01B,-0.06445027462701211,0.9946337972264833
TCGA-EW-A3U0-01A,0.05446821028295481,1.8614867232156038
TCGA-EW-A423-01A,-0.8783832143905862,0.2729044982056112
TCGA-EW-A424-01A,0.6334333174703313,-1.1291678058604298
TCGA-EW-A6S9-01A,1.0279534916630075,-1.045112534237119
TCGA-EW-A6SA-01A,-1.3231552537886462,-1.3713234588154992
TCGA-EW-A6SB-01A,-1.6545339690478094,1.8939886683648293
TCGA-EW-A6SC-01A,0.8899739981576843,-0.39398078119558927
TCGA-EW-A6SD-01A,0.10155077132265697,0.6616725620534647
TCGA-GI-A2C8-01A,1.0941193243519627,-0.23052942784354005
TCGA-GI-A2C9-01A,0.034037588771369046,-0.48665303187252323
TCGA-GM-A2D9-01A,0.22509169066725693,-0.5470777349384226
TCGA-GM-A2DA-01A,0.5779717239491291,1.1744206853598094
TCGA-GM-A2DB-01A,-0.7941084460394359,0.6687145898699621
TCGA-GM-A2DC-01A,-0.6284025398876814,-0.29788650108952247
TCGA-GM-A2DD-01A,0.47151057243075484,1.435741356204525
TCGA-GM-A2DF-01A,-0.3628120469048658,0.9235209484287734
TCGA-GM-A2DH-01A,-0.9425408250798759,1.1697342488393427
TCGA-GM-A2DI-01A,0.46816760874728464,1.8655796461583751
TCGA-GM-A2DK-01A,-0.3625629776050254,0.05311642796687014
TCGA-GM-A2DL-01A,0.8735402640217138,-0.5801566025888364
TCGA-GM-A2DM-01A,-1.1126265687093084,-0.7959999787618993
TCGA-GM-A2DN-01A,-0.1966001172195411,1.2722767250731704
TCGA-GM-A2DO-01A,-1.3635959772796737,2.1610011796082107
TCGA-GM-A3NW-01A,-0.7338995908683105,-0.235646238441154
TCGA-GM-A3NY-01A,-0.07582494361603101,-0.25840998053836395
TCGA-GM-A3XG-01A,-0.6677137865397675,-0.7476717050126723
TCGA-GM-A3XL-01A,-2.151847816422185,1.4353457532580072
TCGA-GM-A3XN-01A,0.7682935111516288,0.2735033622481929
TCGA-GM-A4E0-01A,0.22753003463386595,0.9185321600143578
TCGA-GM-A5PV-01A,-1.9554009959006478,-0.11786112729497833
TCGA-GM-A5PX-01A,0.5071109753147763,-0.33470183521308455
TCGA-HN-A2NL-01A,-1.7755384476673133,0.6858836840494275
TCGA-HN-A2OB-01A,1.2912575434029008,-0.3429973587558236
TCGA-JL-A3YW-01A,1.3251813385496336,0.6750073882206932
TCGA-JL-A3YX-01A,-0.029617243208000455,-0.7821838307186335
TCGA-LD-A66U-01A,0.4973583317195249,0.9699468640239228
TCGA-LD-A74U-01A,0.9457953551388585,-0.03295282660399508
TCGA-LD-A7W5-01A,0.14729204237845833,1.35592816204596
TCGA-LD-A7W6-01A,-0.3753020565433892,0.1850976199921957
TCGA-LD-A9QF-01A,0.900566160901422,1.494366710986154
TCGA-LL-A440-01A,1.436803496738187,-0.09233711872692031
TCGA-LL-A441-01A,-0.2470984695928073,1.2091051344886885
TCGA-LL-A442-01A,-1.3920887520155978,-1.3074130644440185
TCGA-LL-A50Y-01A,-0.8285033451656503,-0.1387833719900713
TCGA-LL-A5YL-01A,-0.3114148249360337,0.6492873673326555
TCGA-LL-A5YM-01A,-0.5540628660392881,-0.16700012956225632
TCGA-LL-A5YN-01A,-0.620011605596153,1.7385949863069718
TCGA-LL-A5YO-01A,-0.22807779758764193,2.1862134096139827
TCGA-LL-A5YP-01A,0.9773661983776301,-0.08029932418403189
TCGA-LL-A6FP-01A,-1.8325098366271289,-1.54424844878325
TCGA-LL-A6FQ-01A,-0.13545600988792944,-0.5332355585444508
TCGA-LL-A6FR-01A,0.6781018695958709,-0.9514148258293413
TCGA-LL-A73Y-01A,0.5204761100774175,0.372597593129551
TCGA-LL-A73Z-01A,0.2561772662130707,0.6514861297675222
TCGA-LL-A740-01A,0.9100357263062853,-0.6008846371111879
TCGA-LL-A7SZ-01A,-0.30117784537774117,1.323020281332202
TCGA-LL-A7T0-01A,-0.14895601387937368,0.2881111208802471
TCGA-LL-A8F5-01A,-0.34068516791449976,0.7631047608005882
TCGA-LL-A9Q3-01A,0.2396045626562903,0.3543802976373653
TCGA-LQ-A4E4-01A,-0.48891143082925465,-1.0029707886664603
TCGA-MS-A51U-01A,0.9178459796590752,0.3179974676807739
TCGA-OK-A5Q2-01A,0.3863255885770668,0.6269345463275684
TCGA-OL-A5D6-01A,1.0535635204638178,-0.4787694704090471
TCGA-OL-A5D7-01A,-1.5703633841356897,1.4878797567588364
TCGA-OL-A5D8-01A,-0.21532364916617225,-0.33568086478855047
TCGA-OL-A5DA-01A,-0.1276267357231627,0.24612593082892995
TCGA-OL-A5RU-01A,-0.5336360440260776,0.9363695913147044
TCGA-OL-A5RV-01A,-0.10161945737516356,-0.4521047001606045
TCGA-OL-A5RW-01A,-0.9630305727762293,-0.5184191459770473
TCGA-OL-A5RX-01A,0.08022599674747159,0.09429533378054882
TCGA-OL-A5RY-01A,0.6434830865289504,1.3914751944523374
TCGA-OL-A5RZ-01A,-1.0545858567848292,-0.7584877017479895
TCGA-OL-A5S0-01A,0.04748447127428955,0.26360631085953967
TCGA-OL-A66H-01A,-0.3622937587072709,0.07971967573734903
TCGA-OL-A66I-01A,0.26295077128085037,2.3869524335557806
TCGA-OL-A66J-01A,0.07956044250883498,-0.07923834573359481
TCGA-OL-A66K-01A,0.4636943269112447,-0.7961743273107712
TCGA-OL-A66L-01A,0.40641152433465527,0.7862629829863648
TCGA-OL-A66N-01A,0.6395434105940934,0.5345541665102881
TCGA-OL-A66O-01A,-0.04932167161815628,-0.7661413682156415
TCGA-OL-A66P-01A,0.4346783305370952,2.438160782395769
TCGA-OL-A6VO-01A,-1.3005422376669418,-0.10930399489313201
TCGA-OL-A6VQ-01A,0.7866201471507966,0.09629870872355221
TCGA-OL-A6VR-01A,-1.8213622389734632,-1.2170341039747403
TCGA-OL-A97C-01A,1.0558850142114053,0.806537879428009
TCGA-PE-A5DC-01A,-0.37743053507845764,-0.2803844379441491
TCGA-PE-A5DD-01A,0.39166532620189953,0.4925791233069234
TCGA-PE-A5DE-01A,-0.2918513816617499,2.0779932106837973
TCGA-PL-A8LV-01A,-0.2897408005590568,0.4935415442480676
TCGA-PL-A8LX-01A,-0.7865498582314439,-0.831715755577508
TCGA-PL-A8LY-01A,-2.276342556548159,0.13188010338196512
TCGA-PL-A8LZ-01A,0.16941693576469757,1.332705882413673
TCGA-S3-A6ZF-01A,0.025450825810128884,0.20285962507590566
TCGA-S3-A6ZG-01A,-0.4258491444713364,-0.06492606041689268
TCGA-S3-A6ZH-01A,-0.8535892607588963,0.05842841583156944
TCGA-S3-AA0Z-01A,-1.238826100343435,0.5065559800284195
TCGA-S3-AA10-01A,-0.48593761733496893,1.8069198844780363
TCGA-S3-AA11-01A,-0.3956316572587034,-1.208365479007685
TCGA-S3-AA12-01A,-0.5682471325615404,-1.014207999754516
TCGA-S3-AA14-01A,1.1775438841699901,-0.5058308673015461
TCGA-S3-AA15-01A,0.7549067399154219,1.3952289913853826
TCGA-S3-AA17-01A,-0.6987095701084379,1.621519398527791
TCGA-UL-AAZ6-01A,-1.1389848142461814,-0.9983414750246034
TCGA-UU-A93S-01A,-1.6273402082086563,-0.30408757137584796
TCGA-V7-A7HQ-01A,-0.14099308926385057,-0.7337870356097314
TCGA-W8-A86G-01A,0.07655532800364342,-0.9283153855589145
TCGA-WT-AB41-01A,-1.1769942894065382,1.6832088241349366
TCGA-WT-AB44-01A,0.23122576036940598,-0.5456254253749585
TCGA-XX-A899-01A,0.5438561149611132,0.8158945012525586
TCGA-XX-A89A-01A,1.0779326209477482,0.31565651436515413
TCGA-Z7-A8R5-01A,-0.28862204939831837,0.8155429205473451
TCGA-Z7-A8R6-01A,0.04871949581726718,-0.4854773830248685
