file_id,file_name,aliquot_barcode,patient_barcode,sample_barcode,sample_type_code,sample_group,has_matched_pair,vial
23bf74db-bb4e-44c5-8473-e651b818e460,308e15c9-16b0-4f24-b9dc-e9dc91038579.rna_seq.augmented_star_gene_counts.tsv,TCGA-A7-A0CE-11A-21R-A089-07,TCGA-A7-A0CE,TCGA-A7-A0CE-11A,11,normal,True,A
04e03ae1-b2f3-446d-862d-172fea6320de,58b399a0-3070-44aa-9a40-f0e2c0fea0fc.rna_seq.augmented_star_gene_counts.tsv,TCGA-A7-A0CE-01A-11R-A00Z-07,TCGA-A7-A0CE,TCGA-A7-A0CE-01A,01,tumor,True,A
b9bdb9d3-4d2b-4a53-9804-d0511174e553,49e456c9-c47b-4663-bf6f-9f8f4e4e71a5.rna_seq.augmented_star_gene_counts.tsv,TCGA-A7-A0CH-11A-32R-A089-07,TCGA-A7-A0CH,TCGA-A7-A0CH-11A,11,normal,True,A
64657d41-17ad-4692-8a13-0cf55c55f11d,6f73500d-4b23-4f14-911b-fbc69bd38f4b.rna_seq.augmented_star_gene_counts.tsv,TCGA-A7-A0CH-01A-21R-A00Z-07,TCGA-A7-A0CH,TCGA-A7-A0CH-01A,01,tumor,True,A
baec6a46-7c48-41ed-a8a9-eef52d32cba3,eb17c782-c3a1-458d-8e2d-cadb58c7655a.rna_seq.augmented_star_gene_counts.tsv,TCGA-A7-A0D9-11A-53R-A089-07,TCGA-A7-A0D9,TCGA-A7-A0D9-11A,11,normal,True,A
69aebf68-5357-4269-84fb-ee91a6bd67fd,8f4d89ea-3207-4fa7-9898-9b78cb971577.rna_seq.augmented_star_gene_counts.tsv,TCGA-A7-A0D9-01A-31R-A056-07,TCGA-A7-A0D9,TCGA-A7-A0D9-01A,01,tumor,True,A
d7a48283-c113-4745-be6b-553966e6b457,151af32a-7367-4e35-a575-f6da31aa256a.rna_seq.augmented_star_gene_counts.tsv,TCGA-A7-A0DB-11A-33R-A089-07,TCGA-A7-A0DB,TCGA-A7-A0DB-11A,11,normal,True,A
a8898537-0afa-4655-b123-78c11b90c53a,b4aad532-f92b-43d9-820c-f3c98e382225.rna_seq.augmented_star_gene_counts.tsv,TCGA-A7-A0DB-01A-11R-A00Z-07,TCGA-A7-A0DB,TCGA-A7-A0DB-01A,01,tumor,True,A
9e056a2a-a643-478a-b96c-85d5221f487a,c6a90de3-979b-46b0-9f84-2875c1e38742.rna_seq.augmented_star_gene_counts.tsv,TCGA-A7-A0DC-11A-41R-A089-07,TCGA-A7-A0DC,TCGA-A7-A0DC-11A,11,normal,True,A
0e1999e0-9c02-4804-88b6-60b46d100739,db5dab56-838e-4784-a7cf-f05296e356f7.rna_seq.augmented_star_gene_counts.tsv,TCGA-A7-A0DC-01A-11R-A00Z-07,TCGA-A7-A0DC,TCGA-A7-A0DC-01A,01,tumor,True,A
50260fba-c435-480a-9bb8-f2839ba499a4,1d390e7f-bbbb-45b5-9466-d199f19106b2.rna_seq.augmented_star_gene_counts.tsv,TCGA-A7-A13E-11A-61R-A12P-07,TCGA-A7-A13E,TCGA-A7-A13E-11A,11,normal,True,A
0a511373-8fd3-433a-a5e1-877530d6a239,5991af25-0b64-43d2-867a-6b9713b17af9.rna_seq.augmented_star_gene_counts.tsv,TCGA-A7-A13E-01A-11R-A12P-07,TCGA-A7-A13E,TCGA-A7-A13E-01A,01,tumor,True,A
4c2bb8e3-2527-466b-a3bb-0f36c3b2a3e7,2d1e176a-adc9-4d8a-92cf-5cba5ab8e486.rna_seq.augmented_star_gene_counts.tsv,TCGA-A7-A13F-11A-42R-A12P-07,TCGA-A7-A13F,TCGA-A7-A13F-11A,11,normal,True,A
9c87ef50-5854-4f69-820b-9e0b4d46c982,b3861080-a052-4432-82f8-193122ab29d4.rna_seq.augmented_star_gene_counts.tsv,TCGA-A7-A13F-01A-11R-A12P-07,TCGA-A7-A13F,TCGA-A7-A13F-01A,01,tumor,True,A
90617797-d2c7-4c49-bffe-b2bea96a7cf1,cf7f5e39-f761-424f-9987-21b328afa0ae.rna_seq.augmented_star_gene_counts.tsv,TCGA-A7-A13G-11A-51R-A13Q-07,TCGA-A7-A13G,TCGA-A7-A13G-11A,11,normal,True,A
d4943f66-388e-4c86-b61a-5ef9fef34eff,240a1e61-5188-4249-b6dd-d6e0d7935d8d.rna_seq.augmented_star_gene_counts.tsv,TCGA-A7-A13G-01A-11R-A13Q-07,TCGA-A7-A13G,TCGA-A7-A13G-01A,01,tumor,True,A
f45af277-1f94-4cdd-97d4-8ccdbd7ff18e,a41a8b37-2a35-487f-8a4d-ffa0f31b7839.rna_seq.augmented_star_gene_counts.tsv,TCGA-AC-A23H-11A-12R-A157-07,TCGA-AC-A23H,TCGA-AC-A23H-11A,11,normal,True,A
de98339e-9b13-4def-b3d9-234fdc784cec,1075d95f-6d27-42e1-a67a-73d5247c8a68.rna_seq.augmented_star_gene_counts.tsv,TCGA-AC-A23H-01A-11R-A157-07,TCGA-AC-A23H,TCGA-AC-A23H-01A,01,tumor,True,A
e914127b-20a0-4ef1-a614-06b697da648c,526d20dd-9df1-44c4-ab04-82109fafd3a3.rna_seq.augmented_star_gene_counts.tsv,TCGA-AC-A2FB-11A-13R-A17B-07,TCGA-AC-A2FB,TCGA-AC-A2FB-11A,11,normal,True,A
fde3b574-b9be-4dc2-a5ae-aaab8a0bbd26,ca9d1ab5-ea78-46f4-9225-8147639d013c.rna_seq.augmented_star_gene_counts.tsv,TCGA-AC-A2FB-01A-11R-A17B-07,TCGA-AC-A2FB,TCGA-AC-A2FB-01A,01,tumor,True,A
ccaa907b-71d5-467e-ace4-f2ea16109202,24c548e1-6368-464e-945c-933ee2f914ad.rna_seq.augmented_star_gene_counts.tsv,TCGA-AC-A2FF-11A-13R-A17B-07,TCGA-AC-A2FF,TCGA-AC-A2FF-11A,11,normal,True,A
05aa6d12-6d48-4ecb-8211-036e647ef72e,08429604-2dc7-4827-8ba5-80818aa45a51.rna_seq.augmented_star_gene_counts.tsv,TCGA-AC-A2FF-01A-11R-A17B-07,TCGA-AC-A2FF,TCGA-AC-A2FF-01A,01,tumor,True,A
52151eca-7819-496e-bf31-4875b68d429d,34478743-530d-4d71-a124-90ad54ded5c1.rna_seq.augmented_star_gene_counts.tsv,TCGA-AC-A2FM-11B-32R-A19W-07,TCGA-AC-A2FM,TCGA-AC-A2FM-11B,11,normal,True,B
d32a2386-8747-4f9f-84b2-130a2c948342,7e11de5c-487d-4fc2-845e-efab7a39e031.rna_seq.augmented_star_gene_counts.tsv,TCGA-AC-A2FM-01A-11R-A19W-07,TCGA-AC-A2FM,TCGA-AC-A2FM-01A,01,tumor,True,A
f24d6e88-634e-4d86-b993-76a40f1190d0,f201e2e9-dfb0-4a53-bd68-56f4e87604d3.rna_seq.augmented_star_gene_counts.tsv,TCGA-BH-A0AU-11A-11R-A12P-07,TCGA-BH-A0AU,TCGA-BH-A0AU-11A,11,normal,True,A
8c884351-1c8b-47ff-8bef-1a4f25f645fb,d5a1a331-cd5b-448f-adf6-ea393565ef26.rna_seq.augmented_star_gene_counts.tsv,TCGA-BH-A0AU-01A-11R-A12P-07,TCGA-BH-A0AU,TCGA-BH-A0AU-01A,01,tumor,True,A
1320db11-22a5-417f-8ec7-65c0bf4681a2,9926a02f-9fa7-42c9-bfa1-e6ec45018fed.rna_seq.augmented_star_gene_counts.tsv,TCGA-BH-A0AY-11A-23R-A089-07,TCGA-BH-A0AY,TCGA-BH-A0AY-11A,11,normal,True,A
27513ce4-3807-481f-abcb-c59774a90519,e682e28e-0611-4e92-899c-637fde17423d.rna_seq.augmented_star_gene_counts.tsv,TCGA-BH-A0AY-01A-21R-A00Z-07,TCGA-BH-A0AY,TCGA-BH-A0AY-01A,01,tumor,True,A
4cce67eb-0cb7-4c8f-a81e-0e521c2b0168,05f4836a-8db8-4dbc-a996-090887bf8a64.rna_seq.augmented_star_gene_counts.tsv,TCGA-BH-A0AZ-11A-22R-A12P-07,TCGA-BH-A0AZ,TCGA-BH-A0AZ-11A,11,normal,True,A
5dfadec2-3a10-40a9-99be-4984e917ba88,a90d3b2d-38f9-455c-88cd-73d5b3729491.rna_seq.augmented_star_gene_counts.tsv,TCGA-BH-A0AZ-01A-21R-A12P-07,TCGA-BH-A0AZ,TCGA-BH-A0AZ-01A,01,tumor,True,A
87d5686a-5d57-4ce2-b06a-dee5c2926ebf,d920c232-82ae-48f9-98d1-b94bf4a45d8d.rna_seq.augmented_star_gene_counts.tsv,TCGA-BH-A0B3-11B-21R-A089-07,TCGA-BH-A0B3,TCGA-BH-A0B3-11B,11,normal,True,B
37939d7d-074b-42b7-8d68-95a8afef4c38,41bdc474-8e6e-4f39-98ec-6d73ee41837c.rna_seq.augmented_star_gene_counts.tsv,TCGA-BH-A0B3-01A-11R-A056-07,TCGA-BH-A0B3,TCGA-BH-A0B3-01A,01,tumor,True,A
b01d7dfd-b577-48b8-8bf2-3c74bb617601,6732c6de-0725-4a08-a1d7-211338a4363c.rna_seq.augmented_star_gene_counts.tsv,TCGA-BH-A0B5-11A-23R-A12P-07,TCGA-BH-A0B5,TCGA-BH-A0B5-11A,11,normal,True,A
aa4bc249-100e-4cf6-8356-1dc96b7dbea9,48e1886c-614d-4e2c-bf34-936fd82969c1.rna_seq.augmented_star_gene_counts.tsv,TCGA-BH-A0B5-01A-11R-A12P-07,TCGA-BH-A0B5,TCGA-BH-A0B5-01A,01,tumor,True,A
3071e512-94ea-4820-9573-668235188e34,da549530-7ba5-4302-acd2-40a766860216.rna_seq.augmented_star_gene_counts.tsv,TCGA-BH-A0B7-11A-34R-A115-07,TCGA-BH-A0B7,TCGA-BH-A0B7-11A,11,normal,True,A
b4ac6e06-8760-4cb2-883c-c829eaefdc4c,96668a75-e21b-482f-b699-0b5282909a9a.rna_seq.augmented_star_gene_counts.tsv,TCGA-BH-A0B7-01A-12R-A115-07,TCGA-BH-A0B7,TCGA-BH-A0B7-01A,01,tumor,True,A
9dc47384-64df-48c7-9d41-921d6021ef9c,8e6bbb91-f5de-4615-8a29-37c8f401dbe9.rna_seq.augmented_star_gene_counts.tsv,TCGA-BH-A0B8-11A-41R-A089-07,TCGA-BH-A0B8,TCGA-BH-A0B8-11A,11,normal,True,A
aa9179e0-a44c-440a-a150-a9d5727579ea,144d0f39-feff-4dcd-a07d-abcc400e901f.rna_seq.augmented_star_gene_counts.tsv,TCGA-BH-A0B8-01A-21R-A056-07,TCGA-BH-A0B8,TCGA-BH-A0B8-01A,01,tumor,True,A
165fe176-2dea-489f-92d6-34b0c6848312,16e1fcb7-863d-40c1-b2d6-365d519148f6.rna_seq.augmented_star_gene_counts.tsv,TCGA-BH-A0BA-11A-22R-A19E-07,TCGA-BH-A0BA,TCGA-BH-A0BA-11A,11,normal,True,A
9cf6e387-2b87-4f53-bb5a-d545a78f21cd,75f8fbbb-2015-47cb-94f1-eb88cdfaeae6.rna_seq.augmented_star_gene_counts.tsv,TCGA-BH-A0BA-01A-11R-A056-07,TCGA-BH-A0BA,TCGA-BH-A0BA-01A,01,tumor,True,A
f11c5295-697a-46f7-91fe-b760dc9f1029,e619b307-4391-48ab-9282-7f22b14f5afe.rna_seq.augmented_star_gene_counts.tsv,TCGA-BH-A0BC-11A-22R-A089-07,TCGA-BH-A0BC,TCGA-BH-A0BC-11A,11,normal,True,A
de6f1503-33d7-4f86-b835-bdffba7ea4e3,195d8bd4-352c-4407-9319-797d915c72b8.rna_seq.augmented_star_gene_counts.tsv,TCGA-BH-A0BC-01A-22R-A084-07,TCGA-BH-A0BC,TCGA-BH-A0BC-01A,01,tumor,True,A
a9f49b86-3801-420d-915c-0e09a15c6e59,1b87d18e-4b47-47d0-a6de-1bb9eedb04c9.rna_seq.augmented_star_gene_counts.tsv,TCGA-BH-A0BJ-11A-23R-A089-07,TCGA-BH-A0BJ,TCGA-BH-A0BJ-11A,11,normal,True,A
4660cd29-08ac-452c-9bb8-10e9d9e906ab,45f837c9-6b9e-4eed-ba56-9715b4a0356d.rna_seq.augmented_star_gene_counts.tsv,TCGA-BH-A0BJ-01A-11R-A056-07,TCGA-BH-A0BJ,TCGA-BH-A0BJ-01A,01,tumor,True,A
046fe29e-7c99-4093-8565-f2f205a00796,61f811cf-9dc1-4f48-ad62-c3ebfd1f0847.rna_seq.augmented_star_gene_counts.tsv,TCGA-BH-A0BM-11A-12R-A089-07,TCGA-BH-A0BM,TCGA-BH-A0BM-11A,11,normal,True,A
9a6563cf-557b-4f26-b6a2-6c6f1eb03654,06ae7b4d-2906-4a38-a4ef-1cc937716dcb.rna_seq.augmented_star_gene_counts.tsv,TCGA-BH-A0BM-01A-11R-A056-07,TCGA-BH-A0BM,TCGA-BH-A0BM-01A,01,tumor,True,A
68881256-49b8-4a19-87a9-afac4f1841d2,7b4b9d66-e494-48e8-949f-7cdb42e490f9.rna_seq.augmented_star_gene_counts.tsv,TCGA-BH-A0BQ-11A-33R-A115-07,TCGA-BH-A0BQ,TCGA-BH-A0BQ-11A,11,normal,True,A
9cbb73a5-7b3b-4559-a295-d4693ae6dee2,c9c9c085-8e23-454c-aa36-cf59e8dbc587.rna_seq.augmented_star_gene_counts.tsv,TCGA-BH-A0BQ-01A-21R-A115-07,TCGA-BH-A0BQ,TCGA-BH-A0BQ-01A,01,tumor,True,A
736fca14-66fb-481a-985e-7253f75243a8,217558e4-a5f5-4c72-91b7-b430a17f457a.rna_seq.augmented_star_gene_counts.tsv,TCGA-BH-A0BS-11A-11R-A12P-07,TCGA-BH-A0BS,TCGA-BH-A0BS-11A,11,normal,True,A
17b87e41-8f42-48d8-90f8-d2c9b8553481,b35809ed-747b-46b9-9921-e14d859e5b5d.rna_seq.augmented_star_gene_counts.tsv,TCGA-BH-A0BS-01A-11R-A12P-07,TCGA-BH-A0BS,TCGA-BH-A0BS-01A,01,tumor,True,A
da84f488-af86-4472-bf87-063a9137e1db,8aed99b7-de49-4e7e-8fb3-17d897c03e00.rna_seq.augmented_star_gene_counts.tsv,TCGA-BH-A0BT-11A-21R-A12P-07,TCGA-BH-A0BT,TCGA-BH-A0BT-11A,11,normal,True,A
35fd75aa-21e8-49c0-8b40-159839c3cc19,7de22a44-8f58-4a73-90a3-a16d161160e8.rna_seq.augmented_star_gene_counts.tsv,TCGA-BH-A0BT-01A-11R-A12P-07,TCGA-BH-A0BT,TCGA-BH-A0BT-01A,01,tumor,True,A
3448aa6c-0de2-4d47-9bac-19507aee7492,4da20b00-8ed6-41ed-88d9-9969d15761c7.rna_seq.augmented_star_gene_counts.tsv,TCGA-BH-A0BV-11A-31R-A089-07,TCGA-BH-A0BV,TCGA-BH-A0BV-11A,11,normal,True,A
d84ce38f-afb8-4b1a-9a5f-f62d59577b3d,4066800d-0b9e-4263-ba24-cab271630e41.rna_seq.augmented_star_gene_counts.tsv,TCGA-BH-A0BV-01A-11R-A00Z-07,TCGA-BH-A0BV,TCGA-BH-A0BV-01A,01,tumor,True,A
f599be9a-0cac-4441-905c-5a6c87e7bc8c,741fb6d6-364f-47a0-a262-f18235c48fc4.rna_seq.augmented_star_gene_counts.tsv,TCGA-BH-A0BW-11A-12R-A115-07,TCGA-BH-A0BW,TCGA-BH-A0BW-11A,11,normal,True,A
1ab2be1b-4a61-480e-aa1b-eafab958f1f7,aeee03c3-20b3-4f96-b686-52111ce99a63.rna_seq.augmented_star_gene_counts.tsv,TCGA-BH-A0BW-01A-11R-A115-07,TCGA-BH-A0BW,TCGA-BH-A0BW-01A,01,tumor,True,A
573241d2-e298-426a-84a0-2c3889bae923,b1e03953-263f-4331-b386-487cdc897425.rna_seq.augmented_star_gene_counts.tsv,TCGA-BH-A0BZ-11A-61R-A12P-07,TCGA-BH-A0BZ,TCGA-BH-A0BZ-11A,11,normal,True,A
3d075fc4-5a01-47ce-bef0-a77acf71061d,707fad7d-f284-456a-abfa-17289b40579f.rna_seq.augmented_star_gene_counts.tsv,TCGA-BH-A0BZ-01A-31R-A12P-07,TCGA-BH-A0BZ,TCGA-BH-A0BZ-01A,01,tumor,True,A
15f0e499-8d53-4e97-a392-334875d25cf4,467bd108-f391-4dd1-92de-43879822400d.rna_seq.augmented_star_gene_counts.tsv,TCGA-BH-A0C0-11A-21R-A089-07,TCGA-BH-A0C0,TCGA-BH-A0C0-11A,11,normal,True,A
3eadce70-ba3d-4806-b112-6ac83bc89dc4,a3595c7e-948b-4d93-a623-477d7af84e15.rna_seq.augmented_star_gene_counts.tsv,TCGA-BH-A0C0-01A-21R-A056-07,TCGA-BH-A0C0,TCGA-BH-A0C0-01A,01,tumor,True,A
7000e222-556a-4548-9542-9337ba70f79c,5d282b59-c7dc-4f08-ad05-b5eae4bd8e94.rna_seq.augmented_star_gene_counts.tsv,TCGA-BH-A0C3-11A-23R-A12P-07,TCGA-BH-A0C3,TCGA-BH-A0C3-11A,11,normal,True,A
5461f36b-c2a2-4a6a-8b17-444c143655fc,df539d11-132f-4320-9365-14d529ae2186.rna_seq.augmented_star_gene_counts.tsv,TCGA-BH-A0C3-01A-21R-A12P-07,TCGA-BH-A0C3,TCGA-BH-A0C3-01A,01,tumor,True,A
c9230a1c-9844-43ef-a2c3-95ea6061000b,2a612640-5c9e-42b2-ac52-02a44b46d429.rna_seq.augmented_star_gene_counts.tsv,TCGA-BH-A0DD-11A-23R-A12P-07,TCGA-BH-A0DD,TCGA-BH-A0DD-11A,11,normal,True,A
fcb1b40a-85c0-498c-881e-7161edcf39e6,fd98106a-a2c6-4f23-86f5-66436c2501e5.rna_seq.augmented_star_gene_counts.tsv,TCGA-BH-A0DD-01A-31R-A12P-07,TCGA-BH-A0DD,TCGA-BH-A0DD-01A,01,tumor,True,A
1479c033-ebe7-423d-8460-bbe84fd5ffb6,967fde0b-9c38-4c69-97f2-9640ebe1dc9a.rna_seq.augmented_star_gene_counts.tsv,TCGA-BH-A0DG-11A-43R-A12P-07,TCGA-BH-A0DG,TCGA-BH-A0DG-11A,11,normal,True,A
39b28d5e-fc51-4dfc-bcbe-0285c3bad830,3129e1d1-9844-4df4-b30e-29b1c438983b.rna_seq.augmented_star_gene_counts.tsv,TCGA-BH-A0DG-01A-21R-A12P-07,TCGA-BH-A0DG,TCGA-BH-A0DG-01A,01,tumor,True,A
90116c25-271c-4be2-b20f-295448e6e421,8b9d534c-0d48-4d88-bbb2-a866d7e73a55.rna_seq.augmented_star_gene_counts.tsv,TCGA-BH-A0DH-11A-31R-A089-07,TCGA-BH-A0DH,TCGA-BH-A0DH-11A,11,normal,True,A
73aeda8d-ef07-4d3d-a0fc-643943dd046a,e97a2bf2-c5bd-4dbf-9940-450a8a99e9df.rna_seq.augmented_star_gene_counts.tsv,TCGA-BH-A0DH-01A-11R-A084-07,TCGA-BH-A0DH,TCGA-BH-A0DH-01A,01,tumor,True,A
2bf56d2d-8c5e-4579-847b-03fd0ba46143,fb3713b9-fad5-4d66-b419-8f53530b14cd.rna_seq.augmented_star_gene_counts.tsv,TCGA-BH-A0DK-11A-13R-A089-07,TCGA-BH-A0DK,TCGA-BH-A0DK-11A,11,normal,True,A
a629c407-5141-454c-bb69-ba7e58d1febc,5a277308-f1bc-47b3-a397-aeabe9db8dc6.rna_seq.augmented_star_gene_counts.tsv,TCGA-BH-A0DK-01A-21R-A056-07,TCGA-BH-A0DK,TCGA-BH-A0DK-01A,01,tumor,True,A
b9a1e2f1-e5c4-4855-9720-4c168474dd26,5028f9f0-d9ff-4439-9084-fee423ad4ca7.rna_seq.augmented_star_gene_counts.tsv,TCGA-BH-A0DL-11A-13R-A115-07,TCGA-BH-A0DL,TCGA-BH-A0DL-11A,11,normal,True,A
683e004b-7992-4250-a94b-c355c45725d2,50108c12-718c-48fc-8f76-23ce0c13e2e6.rna_seq.augmented_star_gene_counts.tsv,TCGA-BH-A0DL-01A-11R-A115-07,TCGA-BH-A0DL,TCGA-BH-A0DL-01A,01,tumor,True,A
4df2233b-3bbc-4d20-9abc-2a09b3f37383,eb0f8bc7-5f47-4174-8e85-678bd011bc3c.rna_seq.augmented_star_gene_counts.tsv,TCGA-BH-A0DO-11A-22R-A12D-07,TCGA-BH-A0DO,TCGA-BH-A0DO-11A,11,normal,True,A
69bb06b6-74b3-441b-82d7-c6783aa88cdd,b44d9209-0e37-4ffe-9c27-a969a421b3ab.rna_seq.augmented_star_gene_counts.tsv,TCGA-BH-A0DO-01B-11R-A12D-07,TCGA-BH-A0DO,TCGA-BH-A0DO-01B,01,tumor,True,B
934935ae-037b-451d-a696-0679b07bd401,90388468-c622-4114-971e-ab178e487493.rna_seq.augmented_star_gene_counts.tsv,TCGA-BH-A0DP-11A-12R-A089-07,TCGA-BH-A0DP,TCGA-BH-A0DP-11A,11,normal,True,A
e5b0c2dc-c652-40a0-bb80-d7e87830b406,8f8c9d55-303c-4099-8038-458e3e96ad4e.rna_seq.augmented_star_gene_counts.tsv,TCGA-BH-A0DP-01A-21R-A056-07,TCGA-BH-A0DP,TCGA-BH-A0DP-01A,01,tumor,True,A
cf0ca663-a857-4aea-ab72-b0d4373b2456,4abd29b3-0a83-41d3-a741-bcc5b6d2f98a.rna_seq.augmented_star_gene_counts.tsv,TCGA-BH-A0DQ-11A-12R-A089-07,TCGA-BH-A0DQ,TCGA-BH-A0DQ-11A,11,normal,True,A
c642f518-6ba5-4c90-9f0c-0bad0ed80199,ea16db3d-eb2a-44b3-bf22-258e583dbcf4.rna_seq.augmented_star_gene_counts.tsv,TCGA-BH-A0DQ-01A-11R-A084-07,TCGA-BH-A0DQ,TCGA-BH-A0DQ-01A,01,tumor,True,A
62a4b965-7aaa-4bd4-b469-57a713b2e9fd,064d1578-9fb7-439c-9644-d4cb6389ec9d.rna_seq.augmented_star_gene_counts.tsv,TCGA-BH-A0DT-11A-12R-A12D-07,TCGA-BH-A0DT,TCGA-BH-A0DT-11A,11,normal,True,A
1936f1a9-66bc-4e48-8189-f0e3a67a5593,674907a1-381a-4952-924a-52e2adf5ad19.rna_seq.augmented_star_gene_counts.tsv,TCGA-BH-A0DT-01A-21R-A12D-07,TCGA-BH-A0DT,TCGA-BH-A0DT-01A,01,tumor,True,A
739fe30a-4fae-4f4d-a360-3ab300a4848a,52064107-3c37-45b1-aa6b-a14a98352f9d.rna_seq.augmented_star_gene_counts.tsv,TCGA-BH-A0DV-11A-22R-A12P-07,TCGA-BH-A0DV,TCGA-BH-A0DV-11A,11,normal,True,A
287a036d-5b2d-4faf-93a0-cf0be006fa6b,52ff2501-c6d1-4469-a2b7-c458d98cfc8e.rna_seq.augmented_star_gene_counts.tsv,TCGA-BH-A0DV-01A-21R-A12P-07,TCGA-BH-A0DV,TCGA-BH-A0DV-01A,01,tumor,True,A
b70b68a1-28c4-4ed3-a04c-b622e583f10b,d6cc88bd-b0ba-4606-955d-2dc32e6d2d97.rna_seq.augmented_star_gene_counts.tsv,TCGA-BH-A0DZ-11A-22R-A089-07,TCGA-BH-A0DZ,TCGA-BH-A0DZ-11A,11,normal,True,A
be6f8b24-e668-41c6-89f7-f4cdc8533cae,63afc197-8c49-4150-a98b-61c47f182778.rna_seq.augmented_star_gene_counts.tsv,TCGA-BH-A0DZ-01A-11R-A00Z-07,TCGA-BH-A0DZ,TCGA-BH-A0DZ-01A,01,tumor,True,A
21f16535-a7bb-4bbd-affe-bff937467374,930d7c02-c230-4d19-9247-74fb0e02d524.rna_seq.augmented_star_gene_counts.tsv,TCGA-BH-A0E0-11A-13R-A089-07,TCGA-BH-A0E0,TCGA-BH-A0E0-11A,11,normal,True,A
7882ff91-e415-48ae-9151-26b55f1cfc57,2b5864c9-7577-4e93-8d22-1f45a98267f1.rna_seq.augmented_star_gene_counts.tsv,TCGA-BH-A0E0-01A-11R-A056-07,TCGA-BH-A0E0,TCGA-BH-A0E0-01A,01,tumor,True,A
dafb2454-1ea7-4cb6-8b3b-2b5b6f19aa89,75525261-bd54-4e19-9f86-ab7b9cea3388.rna_seq.augmented_star_gene_counts.tsv,TCGA-BH-A0E1-11A-13R-A089-07,TCGA-BH-A0E1,TCGA-BH-A0E1-11A,11,normal,True,A
c1ac2f8b-9ff2-47b9-a685-6cf10a7a925f,4eee2055-ed1f-4958-b214-4cff055c87bd.rna_seq.augmented_star_gene_counts.tsv,TCGA-BH-A0E1-01A-11R-A056-07,TCGA-BH-A0E1,TCGA-BH-A0E1-01A,01,tumor,True,A
ab3475d0-e057-4512-8c01-a5383359a1ad,d81b8303-62b4-46ba-9370-8c6a92cfa4fb.rna_seq.augmented_star_gene_counts.tsv,TCGA-BH-A0H5-11A-62R-A115-07,TCGA-BH-A0H5,TCGA-BH-A0H5-11A,11,normal,True,A
03d18286-1038-4c0c-9c05-d1269e280250,8bfd50fb-d6d8-44cd-a492-1e0a983e40b6.rna_seq.augmented_star_gene_counts.tsv,TCGA-BH-A0H5-01A-21R-A115-07,TCGA-BH-A0H5,TCGA-BH-A0H5-01A,01,tumor,True,A
ea1fadc2-1cdc-4658-9619-eeb26ae09da8,9ee600fe-20c7-4b1f-b08f-15d3d38a5c52.rna_seq.augmented_star_gene_counts.tsv,TCGA-BH-A0H7-11A-13R-A089-07,TCGA-BH-A0H7,TCGA-BH-A0H7-11A,11,normal,True,A
15f5f60a-13f0-41a2-8711-171d19c2903a,9c706e45-00da-42cd-933f-1f42f0b6942e.rna_seq.augmented_star_gene_counts.tsv,TCGA-BH-A0H7-01A-13R-A056-07,TCGA-BH-A0H7,TCGA-BH-A0H7-01A,01,tumor,True,A
81138059-5789-4ea7-84e9-1490aa53a283,35ded490-54db-46b8-bc62-a5a9314cf0b2.rna_seq.augmented_star_gene_counts.tsv,TCGA-BH-A0H9-11A-22R-A466-07,TCGA-BH-A0H9,TCGA-BH-A0H9-11A,11,normal,True,A
ad4b2d76-b4bb-457d-903f-823630a4d37b,0940092b-46da-4975-bde7-f205fe12707b.rna_seq.augmented_star_gene_counts.tsv,TCGA-BH-A0H9-01A-11R-A056-07,TCGA-BH-A0H9,TCGA-BH-A0H9-01A,01,tumor,True,A
3aad7b0b-9f82-41d0-b3e5-5614afcac6a8,7aac48b4-dbb0-49a5-a3e0-04916a9270b8.rna_seq.augmented_star_gene_counts.tsv,TCGA-BH-A0HA-11A-31R-A12P-07,TCGA-BH-A0HA,TCGA-BH-A0HA-11A,11,normal,True,A
40d222ea-3a59-45b9-91a2-0566b239c89e,ea030b7d-26eb-4f0e-b7b9-c6b165061118.rna_seq.augmented_star_gene_counts.tsv,TCGA-BH-A0HA-01A-11R-A12P-07,TCGA-BH-A0HA,TCGA-BH-A0HA-01A,01,tumor,True,A
75182885-7501-49b1-bb0d-8a88da1080a3,0965a7ff-1a9f-4cc6-a822-970390b2de58.rna_seq.augmented_star_gene_counts.tsv,TCGA-BH-A0HK-11A-11R-A089-07,TCGA-BH-A0HK,TCGA-BH-A0HK-11A,11,normal,True,A
25c20f52-1031-4cd1-a9ed-4b2049b01a3e,87568e73-7eac-4243-9d74-03efb86b6f29.rna_seq.augmented_star_gene_counts.tsv,TCGA-BH-A0HK-01A-11R-A056-07,TCGA-BH-A0HK,TCGA-BH-A0HK-01A,01,tumor,True,A
456bc30b-59f8-4427-b798-5b113ca635a0,653ddf67-d2ac-4fc7-8e95-b4a078e27806.rna_seq.augmented_star_gene_counts.tsv,TCGA-BH-A18J-11A-31R-A12D-07,TCGA-BH-A18J,TCGA-BH-A18J-11A,11,normal,True,A
561bb38a-f9b8-4a0a-b03b-fbe70859869a,cab9ff29-e575-45e2-a411-1bfdc2e2610c.rna_seq.augmented_star_gene_counts.tsv,TCGA-BH-A18J-01A-11R-A12D-07,TCGA-BH-A18J,TCGA-BH-A18J-01A,01,tumor,True,A
a37587aa-2e1f-42f5-a691-c4a41ae79ea9,922ac2aa-8619-47ef-99d8-160e19861f57.rna_seq.augmented_star_gene_counts.tsv,TCGA-BH-A18K-11A-13R-A12D-07,TCGA-BH-A18K,TCGA-BH-A18K-11A,11,normal,True,A
c6fd0f95-d74a-49e3-9a70-fec12e63ff1a,a17d056c-59ee-4c93-9357-19d57f108144.rna_seq.augmented_star_gene_counts.tsv,TCGA-BH-A18K-01A-11R-A12D-07,TCGA-BH-A18K,TCGA-BH-A18K-01A,01,tumor,True,A
acfa0ea5-3345-4734-9917-d3acc10d1a15,9d515fd5-009a-4c32-95e7-042909d70b9f.rna_seq.augmented_star_gene_counts.tsv,TCGA-BH-A18L-11A-42R-A12D-07,TCGA-BH-A18L,TCGA-BH-A18L-11A,11,normal,True,A
836f61df-2b3d-4e1f-abcc-37734091b746,815b70e5-858d-416d-94aa-6749960883ce.rna_seq.augmented_star_gene_counts.tsv,TCGA-BH-A18L-01A-32R-A12D-07,TCGA-BH-A18L,TCGA-BH-A18L-01A,01,tumor,True,A
ddb8fb65-cf53-41a0-8acd-a538a8754fa5,69ef0b4d-aa36-46a4-9c7f-96711a51e461.rna_seq.augmented_star_gene_counts.tsv,TCGA-BH-A18M-11A-33R-A12D-07,TCGA-BH-A18M,TCGA-BH-A18M-11A,11,normal,True,A
00b13ccf-ad7c-4613-8366-7c583a399691,c763a483-415e-4cb4-9cdf-4e6c31e8a9c9.rna_seq.augmented_star_gene_counts.tsv,TCGA-BH-A18M-01A-11R-A12D-07,TCGA-BH-A18M,TCGA-BH-A18M-01A,01,tumor,True,A
542856ab-164d-4edd-833a-925da96d1eeb,9c0696ab-2bd6-4372-8b10-8222816de48e.rna_seq.augmented_star_gene_counts.tsv,TCGA-BH-A18N-11A-43R-A12D-07,TCGA-BH-A18N,TCGA-BH-A18N-11A,11,normal,True,A
97dd05b6-58a9-43ab-9e03-faa105d2a700,40a4fc74-f345-4940-be5c-249013782e4f.rna_seq.augmented_star_gene_counts.tsv,TCGA-BH-A18N-01A-11R-A12D-07,TCGA-BH-A18N,TCGA-BH-A18N-01A,01,tumor,True,A
fd94a0ed-37d8-49a5-af96-e2160a9e6096,f8cfabf6-dc25-4141-be6c-817dd439a74b.rna_seq.augmented_star_gene_counts.tsv,TCGA-BH-A18P-11A-43R-A12D-07,TCGA-BH-A18P,TCGA-BH-A18P-11A,11,normal,True,A
a2f1fa8f-26d6-4b3e-8816-33f42e3f9209,99df3cc9-683b-449b-bcf4-94bbff09c90e.rna_seq.augmented_star_gene_counts.tsv,TCGA-BH-A18P-01A-11R-A12D-07,TCGA-BH-A18P,TCGA-BH-A18P-01A,01,tumor,True,A
336f0e3e-878e-4ee8-b2aa-cc536f3432f3,0a950719-ca7a-4dbf-8755-262cabf3d4b7.rna_seq.augmented_star_gene_counts.tsv,TCGA-BH-A18Q-11A-34R-A12D-07,TCGA-BH-A18Q,TCGA-BH-A18Q-11A,11,normal,True,A
c7aeba7e-b78e-4586-a4dd-8a04cc440737,f48956a3-c821-429f-b1ad-a27133d739bd.rna_seq.augmented_star_gene_counts.tsv,TCGA-BH-A18Q-01A-12R-A12D-07,TCGA-BH-A18Q,TCGA-BH-A18Q-01A,01,tumor,True,A
bd239a8e-56e2-45ca-bc44-bff98b72c1d6,d28a7c02-2f33-46e2-bff9-5ed518ea6fb6.rna_seq.augmented_star_gene_counts.tsv,TCGA-BH-A18R-11A-42R-A12D-07,TCGA-BH-A18R,TCGA-BH-A18R-11A,11,normal,True,A
373e0f41-a47e-4f4e-88fe-9703d16a840c,e869b178-9abe-44ca-ae6b-a6caae1834fb.rna_seq.augmented_star_gene_counts.tsv,TCGA-BH-A18R-01A-11R-A12D-07,TCGA-BH-A18R,TCGA-BH-A18R-01A,01,tumor,True,A
0e89f9f0-419f-46e7-981d-781a1302e4be,98f19a00-fd01-46b1-a75d-f66522ebde2d.rna_seq.augmented_star_gene_counts.tsv,TCGA-BH-A18S-11A-43R-A12D-07,TCGA-BH-A18S,TCGA-BH-A18S-11A,11,normal,True,A
dbbacb2c-b675-4a35-a6ff-157865f24945,4614147d-8f49-42b0-a43d-3ef88e6f0af4.rna_seq.augmented_star_gene_counts.tsv,TCGA-BH-A18S-01A-11R-A12D-07,TCGA-BH-A18S,TCGA-BH-A18S-01A,01,tumor,True,A
b88daf3f-645d-4d11-a2be-2295e186747f,98b5b7d9-7f5d-48e0-ad50-7b22f379fef6.rna_seq.augmented_star_gene_counts.tsv,TCGA-BH-A18U-11A-23R-A12D-07,TCGA-BH-A18U,TCGA-BH-A18U-11A,11,normal,True,A
1db8a1bb-fef2-4e06-9cd5-a1f6579573a5,c24618ee-27b7-4760-99d1-fa9b338f05c4.rna_seq.augmented_star_gene_counts.tsv,TCGA-BH-A18U-01A-21R-A12D-07,TCGA-BH-A18U,TCGA-BH-A18U-01A,01,tumor,True,A
040d00da-2bc9-49d4-bf6c-b4515b6a2bbf,d4f91697-1c39-4398-bf2f-85217a22ddff.rna_seq.augmented_star_gene_counts.tsv,TCGA-BH-A18V-11A-52R-A12D-07,TCGA-BH-A18V,TCGA-BH-A18V-11A,11,normal,True,A
19baf63b-8488-4b90-83b7-a6c671da0095,9440b088-b04e-4417-9543-5001b0a2b217.rna_seq.augmented_star_gene_counts.tsv,TCGA-BH-A18V-01A-11R-A12D-07,TCGA-BH-A18V,TCGA-BH-A18V-01A,01,tumor,True,A
2d148c3a-7bbd-414f-872e-dd916d0e3ccf,bd1f12ab-ee49-4e7e-aad4-14924c49d306.rna_seq.augmented_star_gene_counts.tsv,TCGA-BH-A1EN-11A-23R-A13Q-07,TCGA-BH-A1EN,TCGA-BH-A1EN-11A,11,normal,True,A
eedfb6fb-3db6-4eae-8c6c-8b6722ae72b6,d504a28c-f8e7-4c5e-b01a-23b4cdd1dd8a.rna_seq.augmented_star_gene_counts.tsv,TCGA-BH-A1EN-01A-11R-A13Q-07,TCGA-BH-A1EN,TCGA-BH-A1EN-01A,01,tumor,True,A
cbfb8ffe-ae83-4a16-aaa6-f21ea893cb8d,b1f7e629-7a99-4b1f-85e4-bafb87724aea.rna_seq.augmented_star_gene_counts.tsv,TCGA-BH-A1EO-11A-31R-A137-07,TCGA-BH-A1EO,TCGA-BH-A1EO-11A,11,normal,True,A
c84958db-e7a3-4cd5-9b5e-a5435a86021d,9dd14de1-13c3-4586-8aad-1f3b0cb63de7.rna_seq.augmented_star_gene_counts.tsv,TCGA-BH-A1EO-01A-11R-A137-07,TCGA-BH-A1EO,TCGA-BH-A1EO-01A,01,tumor,True,A
38854c85-fc09-4a51-93a7-257762517583,c058aa43-349b-4f45-8217-6b193bf7c610.rna_seq.augmented_star_gene_counts.tsv,TCGA-BH-A1ET-11B-23R-A137-07,TCGA-BH-A1ET,TCGA-BH-A1ET-11B,11,normal,True,B
7cf427fc-2c7c-434b-84c5-9ea118da110f,75e67bb5-098c-4b48-8f5d-badc72dc4c47.rna_seq.augmented_star_gene_counts.tsv,TCGA-BH-A1ET-01A-11R-A137-07,TCGA-BH-A1ET,TCGA-BH-A1ET-01A,01,tumor,True,A
8a84b9a5-d453-416b-b481-f15402c2eb54,8c0d18d4-98f5-4a66-b62e-7cede666c49f.rna_seq.augmented_star_gene_counts.tsv,TCGA-BH-A1EU-11A-23R-A137-07,TCGA-BH-A1EU,TCGA-BH-A1EU-11A,11,normal,True,A
c3bab823-4bf2-40ea-903c-fb342067c893,187f14ba-0002-4f99-9eb1-af93cbfdd4c2.rna_seq.augmented_star_gene_counts.tsv,TCGA-BH-A1EU-01A-11R-A137-07,TCGA-BH-A1EU,TCGA-BH-A1EU-01A,01,tumor,True,A
8ebe0bf6-11fa-418d-918c-5c73f0e7e9ac,466a4121-0583-47ee-9d54-1f1c2d47e381.rna_seq.augmented_star_gene_counts.tsv,TCGA-BH-A1EV-11A-24R-A137-07,TCGA-BH-A1EV,TCGA-BH-A1EV-11A,11,normal,True,A
0a7421d4-5722-427a-9643-da1074e5c25c,83f93d3f-d038-4773-a671-0f218f53821c.rna_seq.augmented_star_gene_counts.tsv,TCGA-BH-A1EV-01A-11R-A137-07,TCGA-BH-A1EV,TCGA-BH-A1EV-01A,01,tumor,True,A
d8ac1c2a-1820-4174-99e3-524b334df490,078f6959-adcf-44a5-91d2-2581ba3c8e62.rna_seq.augmented_star_gene_counts.tsv,TCGA-BH-A1EW-11B-33R-A137-07,TCGA-BH-A1EW,TCGA-BH-A1EW-11B,11,normal,True,B
f8b403a1-37cf-4acb-b5d7-b3437fafa7f8,5e4626c1-dcf9-4781-a2e7-f6afca7e2ee7.rna_seq.augmented_star_gene_counts.tsv,TCGA-BH-A1EW-01A-11R-A137-07,TCGA-BH-A1EW,TCGA-BH-A1EW-01A,01,tumor,True,A
ad8be67e-a885-4d33-8776-fa0a5f9863d1,570b216f-f99d-4be8-b179-48c8d30c6c06.rna_seq.augmented_star_gene_counts.tsv,TCGA-BH-A1F0-11B-23R-A137-07,TCGA-BH-A1F0,TCGA-BH-A1F0-11B,11,normal,True,B
0525bcb6-d206-46c8-b37d-b9b7cc90fef6,46cdbe65-5610-4903-9452-518fd6d5787d.rna_seq.augmented_star_gene_counts.tsv,TCGA-BH-A1F0-01A-11R-A137-07,TCGA-BH-A1F0,TCGA-BH-A1F0-01A,01,tumor,True,A
0972f396-9045-4faa-98f8-e8c3e02f9901,37157138-01ef-49a5-bc74-c45feaf411e2.rna_seq.augmented_star_gene_counts.tsv,TCGA-BH-A1F2-11A-32R-A13Q-07,TCGA-BH-A1F2,TCGA-BH-A1F2-11A,11,normal,True,A
773071d4-438a-4da7-b833-d2d172c4c4e2,358a0311-c6aa-456d-a52b-6b6b08b0a863.rna_seq.augmented_star_gene_counts.tsv,TCGA-BH-A1F2-01A-31R-A13Q-07,TCGA-BH-A1F2,TCGA-BH-A1F2-01A,01,tumor,True,A
d757b1cc-31a6-495a-ae82-c63b031ece49,898f9214-8dab-4b92-9233-70c06c60078c.rna_seq.augmented_star_gene_counts.tsv,TCGA-BH-A1F6-11B-94R-A13Q-07,TCGA-BH-A1F6,TCGA-BH-A1F6-11B,11,normal,True,B
76bcf698-d2da-42de-b33c-c5deb721c643,1a2bc49d-edc6-4b84-88f0-73b6ed250d1b.rna_seq.augmented_star_gene_counts.tsv,TCGA-BH-A1F6-01A-11R-A13Q-07,TCGA-BH-A1F6,TCGA-BH-A1F6-01A,01,tumor,True,A
0d11c50a-8648-48ea-a107-e138a1d3e086,bf3ea4a0-bcd6-4e9d-acbb-3416f6ce53b7.rna_seq.augmented_star_gene_counts.tsv,TCGA-BH-A1F8-11B-21R-A13Q-07,TCGA-BH-A1F8,TCGA-BH-A1F8-11B,11,normal,True,B
3ce988e2-61c5-4f53-b9c8-cfc280649c1f,8d2f240f-43c3-4e0d-a6cc-79f6b174dace.rna_seq.augmented_star_gene_counts.tsv,TCGA-BH-A1F8-01A-11R-A13Q-07,TCGA-BH-A1F8,TCGA-BH-A1F8-01A,01,tumor,True,A
e4f49b9c-faed-4f15-a79c-79664e2c03b6,61a614bb-2249-4611-8aac-1a8e53d4467b.rna_seq.augmented_star_gene_counts.tsv,TCGA-BH-A1FB-11A-33R-A13Q-07,TCGA-BH-A1FB,TCGA-BH-A1FB-11A,11,normal,True,A
d9b6b523-00de-4638-a3f3-8de841fb7183,39a75bde-24a0-4d26-8377-df045423f786.rna_seq.augmented_star_gene_counts.tsv,TCGA-BH-A1FB-01A-11R-A13Q-07,TCGA-BH-A1FB,TCGA-BH-A1FB-01A,01,tumor,True,A
248ac510-a5af-4608-9cdc-5c8673633b82,d23ff3bc-5524-4dca-b0f4-a1561a30566c.rna_seq.augmented_star_gene_counts.tsv,TCGA-BH-A1FC-11A-32R-A13Q-07,TCGA-BH-A1FC,TCGA-BH-A1FC-11A,11,normal,True,A
09f9ebad-e7cd-4c20-9eab-8fd2066d9051,31c69703-e318-4e31-aae8-c6cfabe61bc3.rna_seq.augmented_star_gene_counts.tsv,TCGA-BH-A1FC-01A-11R-A13Q-07,TCGA-BH-A1FC,TCGA-BH-A1FC-01A,01,tumor,True,A
df416c2a-523d-4409-98ac-b0900584a065,bcbe88a9-729e-4af8-9bb8-1ac65aa4bd23.rna_seq.augmented_star_gene_counts.tsv,TCGA-BH-A1FD-11B-21R-A13Q-07,TCGA-BH-A1FD,TCGA-BH-A1FD-11B,11,normal,True,B
0437af11-bb89-4901-9764-bb410c2e94c5,5a61d29b-5ae6-41b6-8842-865463f72990.rna_seq.augmented_star_gene_counts.tsv,TCGA-BH-A1FD-01A-11R-A13Q-07,TCGA-BH-A1FD,TCGA-BH-A1FD-01A,01,tumor,True,A
4f54add3-c33d-4bc9-9e1f-c75f52d15f1e,2e4316d2-5fe5-4ee1-9b22-73f4c42b6202.rna_seq.augmented_star_gene_counts.tsv,TCGA-BH-A1FE-11B-14R-A13Q-07,TCGA-BH-A1FE,TCGA-BH-A1FE-11B,11,normal,True,B
195c9f03-31c3-465a-ac58-3949246b173b,8f08cee9-a91f-4305-bf8d-efeee9cd386c.rna_seq.augmented_star_gene_counts.tsv,TCGA-BH-A1FE-01A-11R-A13Q-07,TCGA-BH-A1FE,TCGA-BH-A1FE-01A,01,tumor,True,A
c32d5451-815d-4451-97b1-e61801574c22,dcd8e56d-d2a0-403b-89c9-351c7aae47ad.rna_seq.augmented_star_gene_counts.tsv,TCGA-BH-A1FG-11B-12R-A13Q-07,TCGA-BH-A1FG,TCGA-BH-A1FG-11B,11,normal,True,B
e67bbc10-91cf-406e-8d5f-8d44c77315f1,cbf0063b-68e5-42ee-9292-dfbf918a7b08.rna_seq.augmented_star_gene_counts.tsv,TCGA-BH-A1FG-01A-11R-A13Q-07,TCGA-BH-A1FG,TCGA-BH-A1FG-01A,01,tumor,True,A
9985bb0b-d1cc-455b-80d9-f8007669cd5c,b3435d9e-fb7f-4748-9a0b-2b532875c87e.rna_seq.augmented_star_gene_counts.tsv,TCGA-BH-A1FH-11B-42R-A13Q-07,TCGA-BH-A1FH,TCGA-BH-A1FH-11B,11,normal,True,B
451ecdf8-433f-4d38-8ab6-3cc8d428ed95,d7eb3fb0-7bfe-4f69-b298-41dde09902e6.rna_seq.augmented_star_gene_counts.tsv,TCGA-BH-A1FH-01A-12R-A13Q-07,TCGA-BH-A1FH,TCGA-BH-A1FH-01A,01,tumor,True,A
e84b9f1a-0def-425b-86c1-c143b27509b5,4497500a-5721-4d7a-8ed9-1ba7b42fb6ab.rna_seq.augmented_star_gene_counts.tsv,TCGA-BH-A1FJ-11B-42R-A13Q-07,TCGA-BH-A1FJ,TCGA-BH-A1FJ-11B,11,normal,True,B
8f4d34b3-5dd0-4ff2-b017-0cfa6e5c5f6b,95e450bd-ff88-4498-9418-e09883c94988.rna_seq.augmented_star_gene_counts.tsv,TCGA-BH-A1FJ-01A-11R-A13Q-07,TCGA-BH-A1FJ,TCGA-BH-A1FJ-01A,01,tumor,True,A
1ce0d66a-176d-4d8a-b1c4-64d847e299be,ed108cc1-3b34-4ee5-b029-48b80ccaae19.rna_seq.augmented_star_gene_counts.tsv,TCGA-BH-A1FM-11B-23R-A13Q-07,TCGA-BH-A1FM,TCGA-BH-A1FM-11B,11,normal,True,B
a3e73f16-dc65-4c2e-9846-052b8fae144c,682169e0-f36b-430c-896f-c93668b4ce78.rna_seq.augmented_star_gene_counts.tsv,TCGA-BH-A1FM-01A-11R-A13Q-07,TCGA-BH-A1FM,TCGA-BH-A1FM-01A,01,tumor,True,A
d5664879-53a0-490a-a3cb-47c551b6bf34,cf5fba05-4996-4f62-adcf-a2ee1f4c65d3.rna_seq.augmented_star_gene_counts.tsv,TCGA-BH-A1FN-11A-34R-A13Q-07,TCGA-BH-A1FN,TCGA-BH-A1FN-11A,11,normal,True,A
ab06e3b7-52ef-45e4-8fc6-dbb4f63b110e,3daf8160-42c5-41bf-b251-77fce23a4aab.rna_seq.augmented_star_gene_counts.tsv,TCGA-BH-A1FN-01A-11R-A13Q-07,TCGA-BH-A1FN,TCGA-BH-A1FN-01A,01,tumor,True,A
a930c017-565f-49ad-893a-37cc394c269d,cc502455-f72f-491d-9486-a344e169dcfc.rna_seq.augmented_star_gene_counts.tsv,TCGA-BH-A1FR-11B-42R-A13Q-07,TCGA-BH-A1FR,TCGA-BH-A1FR-11B,11,normal,True,B
56081713-6249-4a3f-8498-277e688d1ec9,db5f53f3-6438-4f23-9683-ee16244d98b9.rna_seq.augmented_star_gene_counts.tsv,TCGA-BH-A1FR-01A-11R-A13Q-07,TCGA-BH-A1FR,TCGA-BH-A1FR-01A,01,tumor,True,A
eddb2dc6-2b72-43a8-a7fc-3dd09dde68af,316d8a79-9084-4355-9de7-e29503bf0864.rna_seq.augmented_star_gene_counts.tsv,TCGA-BH-A1FU-11A-23R-A14D-07,TCGA-BH-A1FU,TCGA-BH-A1FU-11A,11,normal,True,A
90eefb33-6808-45c3-9ab1-6eca0decdc9d,71c9a6fc-0538-4533-af51-f7c9defe7770.rna_seq.augmented_star_gene_counts.tsv,TCGA-BH-A1FU-01A-11R-A14D-07,TCGA-BH-A1FU,TCGA-BH-A1FU-01A,01,tumor,True,A
699e47b8-5396-43eb-927d-8d05b0e79644,1dd6852b-2456-4576-9b22-f7604277c955.rna_seq.augmented_star_gene_counts.tsv,TCGA-BH-A203-11A-42R-A169-07,TCGA-BH-A203,TCGA-BH-A203-11A,11,normal,True,A
4bf6ebc1-575d-49e4-9f66-068b537373c0,767425eb-9fa2-45bc-a3ad-ca8dbafd373f.rna_seq.augmented_star_gene_counts.tsv,TCGA-BH-A203-01A-12R-A169-07,TCGA-BH-A203,TCGA-BH-A203-01A,01,tumor,True,A
86b7ddd7-1c59-4937-99ec-b30fa9b4f0bd,a622a28b-a3ac-495b-b696-2a11e0e0e2ad.rna_seq.augmented_star_gene_counts.tsv,TCGA-BH-A204-11A-53R-A157-07,TCGA-BH-A204,TCGA-BH-A204-11A,11,normal,True,A
1f224847-d745-4dc5-9338-4044413e8ec4,2db5e0aa-342e-4766-8725-c1d677fd52b2.rna_seq.augmented_star_gene_counts.tsv,TCGA-BH-A204-01A-11R-A157-07,TCGA-BH-A204,TCGA-BH-A204-01A,01,tumor,True,A
8849e5bf-ff35-4cbf-972c-01fb92201a73,feb7140e-d822-4462-8dfa-7a63805ac740.rna_seq.augmented_star_gene_counts.tsv,TCGA-BH-A208-11A-51R-A157-07,TCGA-BH-A208,TCGA-BH-A208-11A,11,normal,True,A
55214dd2-b3e8-444c-9d02-3db6008b1920,cfe1c805-2211-419c-bf9a-e0c8b5020dce.rna_seq.augmented_star_gene_counts.tsv,TCGA-BH-A208-01A-11R-A157-07,TCGA-BH-A208,TCGA-BH-A208-01A,01,tumor,True,A
c95841fa-ea90-4a12-99aa-5c342af9e0e8,4bd484be-2364-4a9c-841e-b60bee25af79.rna_seq.augmented_star_gene_counts.tsv,TCGA-BH-A209-11A-42R-A157-07,TCGA-BH-A209,TCGA-BH-A209-11A,11,normal,True,A
2aa3a845-cce2-4fe2-92f7-1fece9e619d5,3fab2674-2e00-4748-9d33-9e52631cebfd.rna_seq.augmented_star_gene_counts.tsv,TCGA-BH-A209-01A-11R-A157-07,TCGA-BH-A209,TCGA-BH-A209-01A,01,tumor,True,A
a04fdd52-6d4c-4dc6-b63d-fa67ecfe4744,d7d4b68a-ab93-4b9c-9cf6-88f15299e306.rna_seq.augmented_star_gene_counts.tsv,TCGA-E2-A153-11A-31R-A12D-07,TCGA-E2-A153,TCGA-E2-A153-11A,11,normal,True,A
aa2ab118-b3cc-4452-a29c-104f80f16f8d,752ec80f-0c1d-4c66-9927-a32f2f9dfb2a.rna_seq.augmented_star_gene_counts.tsv,TCGA-E2-A153-01A-12R-A12D-07,TCGA-E2-A153,TCGA-E2-A153-01A,01,tumor,True,A
c440cfb1-33ec-4be4-a4a4-4aea9a66d021,484b85c7-1102-4d34-89b8-8ce458b55d2b.rna_seq.augmented_star_gene_counts.tsv,TCGA-E2-A158-11A-22R-A12D-07,TCGA-E2-A158,TCGA-E2-A158-11A,11,normal,True,A
27f4c9d4-d6ba-4fea-9f0b-fb06066e69a8,dd1d9d28-3929-4361-a6ff-0ac781fb0ac3.rna_seq.augmented_star_gene_counts.tsv,TCGA-E2-A158-01A-11R-A12D-07,TCGA-E2-A158,TCGA-E2-A158-01A,01,tumor,True,A
2a898b49-54b6-4cb6-8af4-fb69d0818562,69303772-638d-4171-84d2-cfa535256976.rna_seq.augmented_star_gene_counts.tsv,TCGA-E2-A15I-11A-32R-A137-07,TCGA-E2-A15I,TCGA-E2-A15I-11A,11,normal,True,A
cf53cdad-a323-475e-a84a-87b68d13e262,37d359b3-d8f5-44cf-8f30-57dfdbbab8c1.rna_seq.augmented_star_gene_counts.tsv,TCGA-E2-A15I-01A-21R-A137-07,TCGA-E2-A15I,TCGA-E2-A15I-01A,01,tumor,True,A
76cff555-d8a3-46d1-ac93-12d856adb445,dbd18198-74a5-410d-bf38-08a0ca2fb207.rna_seq.augmented_star_gene_counts.tsv,TCGA-E2-A15K-11A-13R-A12P-07,TCGA-E2-A15K,TCGA-E2-A15K-11A,11,normal,True,A
e22bc31b-332f-45a1-b17c-c747179abe61,b1366128-6ab0-4205-ae2b-a854e8ad45bf.rna_seq.augmented_star_gene_counts.tsv,TCGA-E2-A15K-01A-11R-A12P-07,TCGA-E2-A15K,TCGA-E2-A15K-01A,01,tumor,True,A
ccb87d7a-2729-4017-bc17-10e5a67bd5cc,0557d817-20e0-496f-840a-7a15d6da1694.rna_seq.augmented_star_gene_counts.tsv,TCGA-E2-A15M-11A-22R-A12D-07,TCGA-E2-A15M,TCGA-E2-A15M-11A,11,normal,True,A
309dcac2-7efa-467c-9dc7-222c130b0fec,d29744c4-3aa3-44b2-83fb-0e74ba697cd9.rna_seq.augmented_star_gene_counts.tsv,TCGA-E2-A15M-01A-11R-A12D-07,TCGA-E2-A15M,TCGA-E2-A15M-01A,01,tumor,True,A
c6a4afd8-8044-475f-b4fd-a1b4cb922976,58bcabc9-6f6b-43c0-bf40-fa9396c6c9d7.rna_seq.augmented_star_gene_counts.tsv,TCGA-E2-A1BC-11A-32R-A12P-07,TCGA-E2-A1BC,TCGA-E2-A1BC-11A,11,normal,True,A
4d0dcaac-cf91-4737-931d-f308fb20df9d,a0baf653-6f10-46fe-959c-54268fbc670e.rna_seq.augmented_star_gene_counts.tsv,TCGA-E2-A1BC-01A-11R-A12P-07,TCGA-E2-A1BC,TCGA-E2-A1BC-01A,01,tumor,True,A
f63a40ad-26af-48d6-bb36-91fd91d32e6b,90a1bbd2-6b26-4d1c-b255-df5499d1da6c.rna_seq.augmented_star_gene_counts.tsv,TCGA-E2-A1IG-11A-22R-A144-07,TCGA-E2-A1IG,TCGA-E2-A1IG-11A,11,normal,True,A
54a6b5bc-f788-4bea-b92c-e4dc9c71d99e,b58811d7-8ee0-4b65-a892-17319cc9ecaf.rna_seq.augmented_star_gene_counts.tsv,TCGA-E2-A1IG-01A-11R-A144-07,TCGA-E2-A1IG,TCGA-E2-A1IG-01A,01,tumor,True,A
d796de5e-4512-4b3a-93d4-2a006e79084f,da752364-731c-4e77-8d6e-9c91a5b7f68f.rna_seq.augmented_star_gene_counts.tsv,TCGA-E2-A1L7-11A-33R-A144-07,TCGA-E2-A1L7,TCGA-E2-A1L7-11A,11,normal,True,A
104e3cb5-c6df-422b-a55f-6b19408594d4,2056c543-2f73-4a2f-995e-3af2dda7b514.rna_seq.augmented_star_gene_counts.tsv,TCGA-E2-A1L7-01A-11R-A144-07,TCGA-E2-A1L7,TCGA-E2-A1L7-01A,01,tumor,True,A
be386ce9-a12f-4c16-80ba-a5d47d5b374e,13daffbb-aa53-44f9-a6ed-5fd43ed37471.rna_seq.augmented_star_gene_counts.tsv,TCGA-E2-A1LB-11A-22R-A144-07,TCGA-E2-A1LB,TCGA-E2-A1LB-11A,11,normal,True,A
63454d5d-a654-4be0-b812-dd5c98d07ea1,c63e3277-327a-4259-84f2-13d9a2c2d68a.rna_seq.augmented_star_gene_counts.tsv,TCGA-E2-A1LB-01A-11R-A144-07,TCGA-E2-A1LB,TCGA-E2-A1LB-01A,01,tumor,True,A
18b0bd2d-505f-4ecb-9bea-b52e6a74cebd,678aa892-0631-47cc-b19e-cdcef42cecb3.rna_seq.augmented_star_gene_counts.tsv,TCGA-E2-A1LH-11A-22R-A14D-07,TCGA-E2-A1LH,TCGA-E2-A1LH-11A,11,normal,True,A
e99a371e-14fa-46f7-89c1-ad36bcd82994,28b12d43-f858-458b-9305-6581a9498e59.rna_seq.augmented_star_gene_counts.tsv,TCGA-E2-A1LH-01A-11R-A14D-07,TCGA-E2-A1LH,TCGA-E2-A1LH-01A,01,tumor,True,A
9e5ecae5-faf0-41a2-a795-d1b4db79486a,a4cf670f-1627-42cf-9917-fc2c89708353.rna_seq.augmented_star_gene_counts.tsv,TCGA-E2-A1LS-11A-32R-A157-07,TCGA-E2-A1LS,TCGA-E2-A1LS-11A,11,normal,True,A
5755f322-5df5-4b88-9c79-640167775c12,8bf23a6b-8ca6-4fcf-b4e9-a14c3a875526.rna_seq.augmented_star_gene_counts.tsv,TCGA-E2-A1LS-01A-12R-A157-07,TCGA-E2-A1LS,TCGA-E2-A1LS-01A,01,tumor,True,A
2d75b6a1-0f93-4c6a-9554-73a214969c6b,1cbbe329-a471-425e-b14d-e9043fce6926.rna_seq.augmented_star_gene_counts.tsv,TCGA-E9-A1N4-11A-33R-A14M-07,TCGA-E9-A1N4,TCGA-E9-A1N4-11A,11,normal,True,A
ac70b1a2-ff7d-49db-a962-4c07479d50b6,89f7da93-c1fd-410b-8479-64ad9bed850e.rna_seq.augmented_star_gene_counts.tsv,TCGA-E9-A1N4-01A-11R-A14M-07,TCGA-E9-A1N4,TCGA-E9-A1N4-01A,01,tumor,True,A
247f1d7d-fc33-4f35-aca7-60aa1c9631ad,ba42632e-b94c-4620-adcf-a0585652860f.rna_seq.augmented_star_gene_counts.tsv,TCGA-E9-A1N5-11A-41R-A14D-07,TCGA-E9-A1N5,TCGA-E9-A1N5-11A,11,normal,True,A
d9126541-4eb3-48fc-88ed-2e0ecea0d9d4,1880f86a-77c8-4eac-a3e7-a62f5edad8fb.rna_seq.augmented_star_gene_counts.tsv,TCGA-E9-A1N5-01A-11R-A14D-07,TCGA-E9-A1N5,TCGA-E9-A1N5-01A,01,tumor,True,A
96e54b36-0b71-4ad0-9b21-72668708fc62,b7ef29ba-06f6-4445-8c70-52388892388c.rna_seq.augmented_star_gene_counts.tsv,TCGA-E9-A1N6-11A-32R-A144-07,TCGA-E9-A1N6,TCGA-E9-A1N6-11A,11,normal,True,A
c3b9e954-9acd-481d-b6d1-86db1e62d037,c0285709-159c-46dd-8bd8-50fad06513dd.rna_seq.augmented_star_gene_counts.tsv,TCGA-E9-A1N6-01A-11R-A144-07,TCGA-E9-A1N6,TCGA-E9-A1N6-01A,01,tumor,True,A
63adf5e2-d5cb-4937-a0ee-f2914e130b25,86931155-2879-41e4-8fa2-1f24826d8768.rna_seq.augmented_star_gene_counts.tsv,TCGA-E9-A1N9-11A-71R-A14D-07,TCGA-E9-A1N9,TCGA-E9-A1N9-11A,11,normal,True,A
4c57cb4f-b4dc-4cfa-9af5-1447422c5b95,171e095d-2236-43c8-9670-23608e6cc8ab.rna_seq.augmented_star_gene_counts.tsv,TCGA-E9-A1N9-01A-11R-A14D-07,TCGA-E9-A1N9,TCGA-E9-A1N9-01A,01,tumor,True,A
65582670-1c71-4606-91b5-a886144fdfa6,5c4f28b0-b83c-4b52-8545-2f26c9d0734f.rna_seq.augmented_star_gene_counts.tsv,TCGA-E9-A1NA-11A-33R-A144-07,TCGA-E9-A1NA,TCGA-E9-A1NA-11A,11,normal,True,A
08671bd5-f67a-46fa-979d-4aa40fb6575a,ad01e71e-ed1f-4de6-81b5-8ef60f7a38d0.rna_seq.augmented_star_gene_counts.tsv,TCGA-E9-A1NA-01A-11R-A144-07,TCGA-E9-A1NA,TCGA-E9-A1NA-01A,01,tumor,True,A
8b000fae-e6de-4038-8486-45316cae622d,7be7033e-db49-45cd-8ea5-827266707b1e.rna_seq.augmented_star_gene_counts.tsv,TCGA-E9-A1ND-11A-43R-A144-07,TCGA-E9-A1ND,TCGA-E9-A1ND-11A,11,normal,True,A
98320692-9c1c-4ed3-9ea1-72f098c03049,7880b3ba-9f39-4744-be72-b87dbd8eb425.rna_seq.augmented_star_gene_counts.tsv,TCGA-E9-A1ND-01A-11R-A144-07,TCGA-E9-A1ND,TCGA-E9-A1ND-01A,01,tumor,True,A
50721c97-1a23-405b-b7b3-2955e4c62e5a,00063026-2a67-41de-b105-f80dca277978.rna_seq.augmented_star_gene_counts.tsv,TCGA-E9-A1NF-11A-73R-A14D-07,TCGA-E9-A1NF,TCGA-E9-A1NF-11A,11,normal,True,A
481c702a-58ee-4fab-9559-434a45615aa5,dc3a76a7-bac2-43c0-90e2-e251e459c659.rna_seq.augmented_star_gene_counts.tsv,TCGA-E9-A1NF-01A-11R-A14D-07,TCGA-E9-A1NF,TCGA-E9-A1NF-01A,01,tumor,True,A
207ea988-6795-460c-bfeb-382d8c758f31,2c555b4c-f219-40f9-95a4-bf96122b9c1c.rna_seq.augmented_star_gene_counts.tsv,TCGA-E9-A1NG-11A-52R-A14M-07,TCGA-E9-A1NG,TCGA-E9-A1NG-11A,11,normal,True,A
8e063797-856c-491a-b702-1a37ebf6b6a8,d8edd309-518d-4358-8245-9e92d7af4441.rna_seq.augmented_star_gene_counts.tsv,TCGA-E9-A1NG-01A-21R-A14M-07,TCGA-E9-A1NG,TCGA-E9-A1NG-01A,01,tumor,True,A
808f4ac6-9bc9-402f-be36-b7ec8658c150,769dff27-1f9c-422d-8ba0-703136a9d5ca.rna_seq.augmented_star_gene_counts.tsv,TCGA-E9-A1R7-11A-42R-A14M-07,TCGA-E9-A1R7,TCGA-E9-A1R7-11A,11,normal,True,A
86d6bd3f-d1a8-4b12-bd4f-009cd707ad8b,7d30a479-6d2f-431e-b15c-26736994b2f5.rna_seq.augmented_star_gene_counts.tsv,TCGA-E9-A1R7-01A-11R-A14M-07,TCGA-E9-A1R7,TCGA-E9-A1R7-01A,01,tumor,True,A
447e3faf-a5f2-4739-b2aa-c907f33b634a,4f3fa7c5-fe72-4b99-8a4f-9f487efc1ef1.rna_seq.augmented_star_gene_counts.tsv,TCGA-E9-A1RB-11A-33R-A157-07,TCGA-E9-A1RB,TCGA-E9-A1RB-11A,11,normal,True,A
c9920595-31f2-4977-b6bd-c0fa3ffcf461,b0c13073-8725-4707-983c-506fe46205d7.rna_seq.augmented_star_gene_counts.tsv,TCGA-E9-A1RB-01A-11R-A157-07,TCGA-E9-A1RB,TCGA-E9-A1RB-01A,01,tumor,True,A
392edd04-fdec-4eb7-ba2e-cef02519c219,3daeb643-20a6-4273-b1fc-eed2a3bb5a18.rna_seq.augmented_star_gene_counts.tsv,TCGA-E9-A1RC-11A-33R-A157-07,TCGA-E9-A1RC,TCGA-E9-A1RC-11A,11,normal,True,A
8c600781-5238-4b46-80bc-aa2710c1ed3f,c285a0ef-5076-4265-be61-98c064242718.rna_seq.augmented_star_gene_counts.tsv,TCGA-E9-A1RC-01A-11R-A157-07,TCGA-E9-A1RC,TCGA-E9-A1RC-01A,01,tumor,True,A
4376b78e-bfec-4142-8407-b967883d7b6b,eba8b055-6de2-48e7-bed8-40de705ad1d1.rna_seq.augmented_star_gene_counts.tsv,TCGA-E9-A1RD-11A-33R-A157-07,TCGA-E9-A1RD,TCGA-E9-A1RD-11A,11,normal,True,A
467cc312-373e-4655-a07e-533ccb133b22,f4d60a0f-dc11-4005-8d59-7511ba4de8b1.rna_seq.augmented_star_gene_counts.tsv,TCGA-E9-A1RD-01A-11R-A157-07,TCGA-E9-A1RD,TCGA-E9-A1RD-01A,01,tumor,True,A
b9eb33d4-1017-42cf-b72c-f917de5425e7,8fe92722-33b4-421a-9229-7d82e8af0ce2.rna_seq.augmented_star_gene_counts.tsv,TCGA-E9-A1RF-11A-32R-A157-07,TCGA-E9-A1RF,TCGA-E9-A1RF-11A,11,normal,True,A
e0bd84f0-9524-4bd2-aa92-7205357596e5,083eb05f-0af4-4f73-bf09-3806eb3b71bb.rna_seq.augmented_star_gene_counts.tsv,TCGA-E9-A1RF-01A-11R-A157-07,TCGA-E9-A1RF,TCGA-E9-A1RF-01A,01,tumor,True,A
958813f4-8036-42f7-856d-7a69c4175adc,269c35f0-a4f7-4e30-a69f-f1f3b7b5dace.rna_seq.augmented_star_gene_counts.tsv,TCGA-E9-A1RH-11A-34R-A169-07,TCGA-E9-A1RH,TCGA-E9-A1RH-11A,11,normal,True,A
0d140db1-dc0d-431d-b389-846d05bbb827,d0ee5ff7-a49a-4633-93a6-40c9e29fb0b7.rna_seq.augmented_star_gene_counts.tsv,TCGA-E9-A1RH-01A-21R-A169-07,TCGA-E9-A1RH,TCGA-E9-A1RH-01A,01,tumor,True,A
2a18db7b-b054-4210-b8cb-a647c26f90c1,5dfb4024-ca51-4296-9fc7-0037b7b1e27b.rna_seq.augmented_star_gene_counts.tsv,TCGA-E9-A1RI-11A-41R-A169-07,TCGA-E9-A1RI,TCGA-E9-A1RI-11A,11,normal,True,A
92dd3ded-2b51-4d1d-8c8a-09ed1f0b16ed,68bb844b-1bd7-4828-97d0-e284a7998cbf.rna_seq.augmented_star_gene_counts.tsv,TCGA-E9-A1RI-01A-11R-A169-07,TCGA-E9-A1RI,TCGA-E9-A1RI-01A,01,tumor,True,A
84cff855-d17a-4c09-b432-53893ae69c1e,03d891b3-8faf-4384-94ce-2015f1ca5df0.rna_seq.augmented_star_gene_counts.tsv,TCGA-GI-A2C8-11A-22R-A16F-07,TCGA-GI-A2C8,TCGA-GI-A2C8-11A,11,normal,True,A
db921dd3-3d39-4b42-b2ff-dbe0f6c9f093,93f26994-d3de-4c8a-bfde-86af8d85b01a.rna_seq.augmented_star_gene_counts.tsv,TCGA-GI-A2C8-01A-11R-A16F-07,TCGA-GI-A2C8,TCGA-GI-A2C8-01A,01,tumor,True,A
5e789924-9d98-4765-a348-90a27349d906,d83bb114-c175-4fd5-aac0-5dc04b9218b0.rna_seq.augmented_star_gene_counts.tsv,TCGA-GI-A2C9-11A-22R-A21T-07,TCGA-GI-A2C9,TCGA-GI-A2C9-11A,11,normal,True,A
3e0c80d6-5091-454c-ad27-eb513cf6f45d,b161c26d-64b1-4e03-94da-4f9b9de25e88.rna_seq.augmented_star_gene_counts.tsv,TCGA-GI-A2C9-01A-11R-A21T-07,TCGA-GI-A2C9,TCGA-GI-A2C9-01A,01,tumor,True,A
