PC1,PC2,sample_barcode,sample_group,qc_flag_any,qc_flag_reasons
-59.56999297206148,24.92867337870904,TCGA-3C-AAAU-01A,tumor,False,
-44.14226123372308,-29.738139345596608,TCGA-3C-AALI-01A,tumor,False,
-80.85475713685838,-18.282437099250803,TCGA-3C-AALJ-01A,tumor,False,
2.8295805385444424,26.204560724760864,TCGA-3C-AALK-01A,tumor,False,
-6.182569319568115,18.95437025045477,TCGA-4H-AAAK-01A,tumor,False,
-11.902015234684187,18.520761351740294,TCGA-5L-AAT0-01A,tumor,False,
-33.27726897834982,-2.5920781811632025,TCGA-5L-AAT1-01A,tumor,False,
-118.80780005170911,-24.36454928415165,TCGA-5T-A9QA-01A,tumor,False,
47.72320971126025,-41.33828645333106,TCGA-A1-A0SB-01A,tumor,False,
26.59458960333627,37.749160705424806,TCGA-A1-A0SD-01A,tumor,False,
21.306503360715467,38.639781469259546,TCGA-A1-A0SE-01A,tumor,False,
10.01974581171524,36.2316579375318,TCGA-A1-A0SF-01A,tumor,False,
-18.645480891029603,31.177815984710957,TCGA-A1-A0SG-01A,tumor,False,
7.066822474302039,19.02816378246327,TCGA-A1-A0SH-01A,tumor,False,
11.080830161951363,10.974514088332592,TCGA-A1-A0SI-01A,tumor,False,
13.186150080621346,23.274541564275225,TCGA-A1-A0SJ-01A,tumor,False,
17.953529939583998,-63.322347769404935,TCGA-A1-A0SK-01A,tumor,False,
-21.101255848784806,16.507466884797378,TCGA-A1-A0SM-01A,tumor,False,
-18.80784237156251,7.901238959449116,TCGA-A1-A0SN-01A,tumor,False,
1.1626212411547672,-88.72114541608934,TCGA-A1-A0SO-01A,tumor,False,
42.41204661211648,-80.07560550206809,TCGA-A1-A0SP-01A,tumor,False,
-43.64000866555484,27.023725147637936,TCGA-A1-A0SQ-01A,tumor,False,
-18.602205907663304,37.16222614071804,TCGA-A2-A04N-01A,tumor,False,
24.082012497240058,-87.25349635031391,TCGA-A2-A04P-01A,tumor,False,
37.984352884019536,-67.4856104881376,TCGA-A2-A04Q-01A,tumor,False,
-53.626149069005976,23.41593677532936,TCGA-A2-A04R-01A,tumor,False,
41.26416360398943,-105.13296068750658,TCGA-A2-A04T-01A,tumor,False,
-17.66203828800615,-112.28911309960914,TCGA-A2-A04U-01A,tumor,False,
-50.092879115090255,27.129027245512308,TCGA-A2-A04V-01A,tumor,False,
-36.67527499178471,-32.52105062346611,TCGA-A2-A04W-01A,tumor,False,
-37.96837065058927,-14.017948196743895,TCGA-A2-A04X-01A,tumor,False,
1.202599031770973,15.512448317767047,TCGA-A2-A04Y-01A,tumor,False,
16.629781298451206,35.81619677605438,TCGA-A2-A0CK-01A,tumor,False,
21.739223121310904,-10.597147958803363,TCGA-A2-A0CL-01A,tumor,False,
-5.105679504312191,-111.50043822664647,TCGA-A2-A0CM-01A,tumor,False,
56.889628489008814,42.54933726184012,TCGA-A2-A0CO-01A,tumor,False,
-2.7650564541141254,19.669175903639065,TCGA-A2-A0CP-01A,tumor,False,
-52.44075868073941,39.0073485383816,TCGA-A2-A0CQ-01A,tumor,False,
38.65443514285421,13.262534055756532,TCGA-A2-A0CR-01A,tumor,False,
-66.79708389372944,27.54524971323319,TCGA-A2-A0CS-01A,tumor,False,
-40.4982285709716,-0.3347851767813457,TCGA-A2-A0CT-01A,tumor,False,
-9.709865862021822,39.30506884349503,TCGA-A2-A0CU-01A,tumor,False,
45.758835077977885,37.54507427188294,TCGA-A2-A0CV-01A,tumor,False,
-48.19871945736994,-5.565692599788364,TCGA-A2-A0CW-01A,tumor,False,
-29.845362134663045,-22.46066286070562,TCGA-A2-A0CX-01A,tumor,False,
-43.76312483434458,-58.987499525138055,TCGA-A2-A0CY-01A,tumor,False,
42.384785576808696,16.027892808148536,TCGA-A2-A0CZ-01A,tumor,False,
-15.464157952553567,-130.22977966753422,TCGA-A2-A0D0-01A,tumor,False,
-68.2808823048731,-46.51017597317037,TCGA-A2-A0D1-01A,tumor,False,
20.614257246994033,-94.16440278681193,TCGA-A2-A0D2-01A,tumor,False,
-33.02817189858538,22.010901322727058,TCGA-A2-A0D3-01A,tumor,False,
-30.757507885015755,33.90432316288394,TCGA-A2-A0D4-01A,tumor,False,
-28.767609139585957,45.49724879396154,TCGA-A2-A0EM-01A,tumor,False,
34.21147831473846,37.01416684518604,TCGA-A2-A0EN-01A,tumor,False,
28.429584188674518,32.19518239052354,TCGA-A2-A0EO-01A,tumor,False,
53.08432003409547,23.48514790056407,TCGA-A2-A0EP-01A,tumor,False,
-25.433380718357093,-32.11928387396359,TCGA-A2-A0EQ-01A,tumor,False,
-34.71441002736447,44.24180768142585,TCGA-A2-A0ER-01A,tumor,False,
73.45110251480087,47.417581061245485,TCGA-A2-A0ES-01A,tumor,False,
-64.16202848652165,35.48113273979751,TCGA-A2-A0ET-01A,tumor,False,
-27.69177951908465,15.138518846187157,TCGA-A2-A0EU-01A,tumor,False,
-10.951187960482233,20.63397600180194,TCGA-A2-A0EV-01A,tumor,False,
69.85184816113481,52.918034748287525,TCGA-A2-A0EW-01A,tumor,False,
2.5349125647560053,30.61237964769189,TCGA-A2-A0EX-01A,tumor,False,
-6.243648989668235,7.098993125187202,TCGA-A2-A0EY-01A,tumor,False,
59.11493502017485,-60.00120516784454,TCGA-A2-A0ST-01A,tumor,False,
-5.782849692832948,26.667676808880234,TCGA-A2-A0SU-01A,tumor,False,
-43.72218537572451,-8.657694070573951,TCGA-A2-A0SV-01A,tumor,False,
-28.916789494595132,-11.739797844402629,TCGA-A2-A0SW-01A,tumor,False,
74.29949191709429,-65.66931647579327,TCGA-A2-A0SX-01A,tumor,False,
23.922006632498007,33.6170199619051,TCGA-A2-A0SY-01A,tumor,False,
5.063866525061801,-102.10650741830263,TCGA-A2-A0T0-01A,tumor,False,
1.079160509130639,-24.049237568696924,TCGA-A2-A0T1-01A,tumor,False,
-4.308841309620782,-100.36963843227187,TCGA-A2-A0T2-01A,tumor,False,
-4.378818464507754,17.55333561895183,TCGA-A2-A0T3-01A,tumor,False,
2.811514441362556,32.151767708969224,TCGA-A2-A0T4-01A,tumor,False,
-0.6722299897047046,18.27125888510413,TCGA-A2-A0T5-01A,tumor,False,
25.768653446417645,36.69789539825454,TCGA-A2-A0T6-01A,tumor,False,
44.60887463086965,10.452491957660209,TCGA-A2-A0T7-01A,tumor,False,
-28.36601848715519,52.8301570996716,TCGA-A2-A0YC-01A,tumor,False,
27.377355954281605,41.65356779346051,TCGA-A2-A0YD-01A,tumor,False,
25.55166200884179,-91.85560226625246,TCGA-A2-A0YE-01A,tumor,False,
-18.560357225970044,47.781468657508356,TCGA-A2-A0YF-01A,tumor,False,
-34.50405119572189,-5.477450442295465,TCGA-A2-A0YG-01A,tumor,False,
-27.239664264426544,9.221782517582074,TCGA-A2-A0YH-01A,tumor,False,
23.515492696812927,52.708147334250285,TCGA-A2-A0YI-01A,tumor,False,
-14.36921677685552,-129.38613965221592,TCGA-A2-A0YJ-01A,tumor,False,
89.57335717535732,27.44396706502028,TCGA-A2-A0YK-01A,tumor,False,
55.000721049969215,34.010710934170355,TCGA-A2-A0YL-01A,tumor,False,
33.71086267795213,-106.76273575564265,TCGA-A2-A0YM-01A,tumor,False,
-27.77103934234771,4.144967317861693,TCGA-A2-A0YT-01A,tumor,False,
11.543502230769649,57.08839981291744,TCGA-A2-A1FV-01A,tumor,False,
-11.366803766223573,25.137033906124366,TCGA-A2-A1FW-01A,tumor,False,
-27.64301624355255,33.72649991159227,TCGA-A2-A1FX-01A,tumor,False,
12.404964204152419,35.31500777567264,TCGA-A2-A1FZ-01A,tumor,False,
35.105532926649104,54.318550258738945,TCGA-A2-A1G0-01A,tumor,False,
34.81574664296071,-92.50015900836262,TCGA-A2-A1G1-01A,tumor,False,
-31.078575001455018,31.62136116510157,TCGA-A2-A1G4-01A,tumor,False,
91.9591170455673,36.895384251478674,TCGA-A2-A1G6-01A,tumor,False,
36.34751166574601,41.84498958503655,TCGA-A2-A259-01A,tumor,False,
87.48498866440414,46.93720582469027,TCGA-A2-A25A-01A,tumor,False,
-64.09628421718709,-1.9501570246018445,TCGA-A2-A25B-01A,tumor,False,
9.821536663289308,41.378541693793764,TCGA-A2-A25C-01A,tumor,False,
-6.159437119205744,2.2639203078045753,TCGA-A2-A25D-01A,tumor,False,
-26.623599945372185,24.582785579897596,TCGA-A2-A25E-01A,tumor,False,
74.48829467552282,-52.86467224416964,TCGA-A2-A25F-01A,tumor,False,
29.228950552639912,35.579671219474534,TCGA-A2-A3KC-01A,tumor,False,
21.427234075625723,41.48204425887885,TCGA-A2-A3KD-01A,tumor,False,
52.96751871168194,-81.77058594356096,TCGA-A2-A3XS-01A,tumor,False,
20.69873483538526,-83.46055110045893,TCGA-A2-A3XT-01A,tumor,False,
-11.337001046701484,-102.55420112163577,TCGA-A2-A3XU-01A,tumor,False,
-64.45265059908947,-36.34966314564457,TCGA-A2-A3XV-01A,tumor,False,
35.00372137205533,-11.082795886293708,TCGA-A2-A3XW-01A,tumor,False,
42.71415623754934,-88.44509116575234,TCGA-A2-A3XX-01A,tumor,False,
81.6310811042126,-62.48151973600819,TCGA-A2-A3XY-01A,tumor,False,
22.89444985616488,-19.018116922875254,TCGA-A2-A3XZ-01A,tumor,False,
13.768945721759485,-111.45680262263463,TCGA-A2-A3Y0-01A,tumor,False,
-11.684961186617087,16.793978617827143,TCGA-A2-A4RW-01A,tumor,False,
46.398829491864305,-64.24097031108539,TCGA-A2-A4RX-01A,tumor,False,
66.38288246686479,28.2907226653017,TCGA-A2-A4RY-01A,tumor,False,
-83.9955365493385,28.822629986175738,TCGA-A2-A4S0-01A,tumor,False,
-46.858030416119156,-69.7466169823848,TCGA-A2-A4S1-01A,tumor,False,
-15.682927521593884,18.346715335478017,TCGA-A2-A4S2-01A,tumor,False,
-45.97931507411056,-23.72693755465808,TCGA-A2-A4S3-01A,tumor,False,
-51.77285924123419,38.006794170671235,TCGA-A7-A0CD-01A,tumor,False,
39.08079990569821,-64.81702015734794,TCGA-A7-A0CE-01A,tumor,False,
108.05061936702155,41.62276726951849,TCGA-A7-A0CE-11A,normal,False,
53.576556832305855,28.63918335152134,TCGA-A7-A0CG-01A,tumor,False,
-37.832060416207675,30.75210403211577,TCGA-A7-A0CH-01A,tumor,False,
105.3044440074836,38.39871888864785,TCGA-A7-A0CH-11A,normal,False,
-71.19705729383338,-12.834808490817181,TCGA-A7-A0CJ-01A,tumor,False,
-10.717081499259686,4.5012261823337445,TCGA-A7-A0D9-01A,tumor,False,
76.42385098584037,4.890127977917239,TCGA-A7-A0D9-11A,normal,False,
26.090707839520768,-87.86082804145782,TCGA-A7-A0DA-01A,tumor,False,
13.875516611540384,39.634423745260705,TCGA-A7-A0DB-01A,tumor,False,
-53.07259795305101,12.585682965739512,TCGA-A7-A0DB-01C,tumor,False,
57.80073833620506,-8.032037578581198,TCGA-A7-A0DB-11A,normal,False,
-49.85960907687165,27.977817953622637,TCGA-A7-A0DC-01A,tumor,True,high_detected_genes
-51.63824788949096,21.10433933120684,TCGA-A7-A0DC-01B,tumor,True,high_detected_genes
83.58423967185594,43.754075913909396,TCGA-A7-A0DC-11A,normal,False,
6.534382203493776,-99.00971757756663,TCGA-A7-A13D-01A,tumor,False,
38.14761768777132,-50.93276109252454,TCGA-A7-A13D-01B,tumor,True,high_detected_genes
-6.3473189058721635,-108.77841135234567,TCGA-A7-A13E-01A,tumor,False,
17.46336402035323,-70.97850831238753,TCGA-A7-A13E-01B,tumor,True,high_detected_genes
91.78089770307868,33.530812884499895,TCGA-A7-A13E-11A,normal,False,
-57.55091756671211,19.47911152219611,TCGA-A7-A13F-01A,tumor,False,
108.19612832697906,21.781479540014665,TCGA-A7-A13F-11A,normal,False,
-31.969800945041094,45.43128234658278,TCGA-A7-A13G-01A,tumor,True,high_detected_genes
-2.643414035812319,43.847594204958284,TCGA-A7-A13G-01B,tumor,True,high_detected_genes
68.03800726722754,22.374883252530623,TCGA-A7-A13G-11A,normal,False,
36.770846717711315,35.27863610015465,TCGA-A7-A13H-01A,tumor,False,
16.336661126760454,55.472193889337696,TCGA-A7-A26E-01A,tumor,False,
-45.78719466108245,20.805492433514452,TCGA-A7-A26E-01B,tumor,False,
45.96845402241589,-51.900265560236164,TCGA-A7-A26F-01A,tumor,True,high_detected_genes
25.133626362898628,-53.514375411371795,TCGA-A7-A26F-01B,tumor,True,high_detected_genes
74.30398254132714,-38.864215071842835,TCGA-A7-A26G-01A,tumor,False,
9.35670710997298,40.135645288690526,TCGA-A7-A26H-01A,tumor,False,
54.87993412207859,-55.32467699205076,TCGA-A7-A26I-01A,tumor,True,high_detected_genes
6.417915435051567,-67.56453231387579,TCGA-A7-A26I-01B,tumor,True,high_detected_genes
-9.159524281985782,36.92431746008092,TCGA-A7-A26J-01A,tumor,False,
-29.1750782565164,12.931620318693883,TCGA-A7-A26J-01B,tumor,True,high_detected_genes
-4.8984870243048775,17.74046474662507,TCGA-A7-A2KD-01A,tumor,False,
6.7812321665192545,10.272469591317638,TCGA-A7-A3IY-01A,tumor,False,
-63.983490514487876,46.89881328748334,TCGA-A7-A3IZ-01A,tumor,False,
-7.264534086718799,13.690007220426784,TCGA-A7-A3J0-01A,tumor,False,
40.152092093451884,55.564604462509166,TCGA-A7-A3J1-01A,tumor,False,
-82.77878116285763,29.869061658936925,TCGA-A7-A3RF-01A,tumor,False,
31.729198587328263,34.38992524442806,TCGA-A7-A425-01A,tumor,False,
68.89081621034698,55.277602884326576,TCGA-A7-A426-01A,tumor,False,
2.2236142114166726,15.719686380099056,TCGA-A7-A4SA-01A,tumor,False,
-35.88198529983343,20.359862397126147,TCGA-A7-A4SB-01A,tumor,False,
14.559032554820469,21.21814119548822,TCGA-A7-A4SC-01A,tumor,False,
0.5233923311335901,-106.86210516717507,TCGA-A7-A4SD-01A,tumor,False,
29.26409587536467,-77.45319010037403,TCGA-A7-A4SE-01A,tumor,False,
-88.51769241399124,-17.842962396984895,TCGA-A7-A4SF-01A,tumor,False,
-85.30292068844992,-33.247315809089415,TCGA-A7-A56D-01A,tumor,True,low_detected_genes
-26.29333495456912,-110.49582768297049,TCGA-A7-A5ZV-01A,tumor,False,
13.134209021408523,26.475610382857262,TCGA-A7-A5ZW-01A,tumor,False,
36.00219330879295,41.76755211453921,TCGA-A7-A5ZX-01A,tumor,False,
28.638628645591535,-86.20748325990012,TCGA-A7-A6VV-01A,tumor,False,
5.156515311065879,-105.21881698035159,TCGA-A7-A6VW-01A,tumor,False,
-35.650135745778314,3.316902711024903,TCGA-A7-A6VX-01A,tumor,False,
25.607540627183628,-103.49231227894866,TCGA-A7-A6VY-01A,tumor,False,
-98.59577888793213,34.152863762565126,TCGA-A8-A06N-01A,tumor,False,
-29.5985914316811,19.49589367670631,TCGA-A8-A06O-01A,tumor,False,
-14.444190863729316,40.73892999518141,TCGA-A8-A06P-01A,tumor,False,
-57.4598237206491,3.0457891743772794,TCGA-A8-A06Q-01A,tumor,False,
-35.47743208284963,-20.178029464411157,TCGA-A8-A06R-01A,tumor,False,
-44.123972383727505,27.11285040687096,TCGA-A8-A06T-01A,tumor,False,
-35.47554672688903,-14.634978745067846,TCGA-A8-A06U-01A,tumor,False,
-84.39820606214002,-28.30687882645911,TCGA-A8-A06X-01A,tumor,False,
-64.92223539106767,3.71774956872993,TCGA-A8-A06Y-01A,tumor,False,
-89.27852460182841,30.27625174460732,TCGA-A8-A06Z-01A,tumor,False,
-40.41341646124268,-9.756278767238278,TCGA-A8-A075-01A,tumor,False,
-36.52096984608019,16.42796654977886,TCGA-A8-A076-01A,tumor,False,
-65.37901290372871,7.4910877042053166,TCGA-A8-A079-01A,tumor,False,
-79.23815261801649,-27.68799798577032,TCGA-A8-A07B-01A,tumor,True,low_detected_genes
33.03546811337559,-90.84781172511867,TCGA-A8-A07C-01A,tumor,False,
35.13507148110262,23.893843867866384,TCGA-A8-A07E-01A,tumor,False,
-13.369848785517448,22.172202901038737,TCGA-A8-A07F-01A,tumor,False,
14.223102679199652,19.768707012012538,TCGA-A8-A07G-01A,tumor,False,
-41.1658877002952,-8.159253152676703,TCGA-A8-A07I-01A,tumor,False,
-17.27411837290756,32.93860122350865,TCGA-A8-A07J-01A,tumor,False,
-58.59533860588426,-3.772820658656544,TCGA-A8-A07L-01A,tumor,False,
-8.266495453789508,-102.5333424418507,TCGA-A8-A07O-01A,tumor,False,
-58.63006877357321,32.23853342109261,TCGA-A8-A07P-01A,tumor,False,
20.9082204737817,-106.8243325385209,TCGA-A8-A07R-01A,tumor,False,
-62.395107627850734,28.954262275345627,TCGA-A8-A07S-01A,tumor,False,
37.26325154944393,-74.34519477860543,TCGA-A8-A07U-01A,tumor,False,
-48.51794193762922,4.4960544001543985,TCGA-A8-A07W-01A,tumor,False,
-82.57536495263277,9.235077689349588,TCGA-A8-A07Z-01A,tumor,False,
-23.950707883589402,3.662637952152856,TCGA-A8-A081-01A,tumor,False,
-74.53828570501607,17.288914838142812,TCGA-A8-A082-01A,tumor,False,
-75.39777944825303,45.111526837965876,TCGA-A8-A083-01A,tumor,False,
-57.6362710352221,4.641910711756048,TCGA-A8-A084-01A,tumor,False,
-72.39197652994112,27.630248153367198,TCGA-A8-A085-01A,tumor,False,
-30.812200574802674,30.715801367637678,TCGA-A8-A086-01A,tumor,False,
-55.04283103006186,38.16176354262739,TCGA-A8-A08A-01A,tumor,False,
-81.8142739463408,-40.737959512375056,TCGA-A8-A08B-01A,tumor,True,low_detected_genes
-54.05307314868324,21.413723142634268,TCGA-A8-A08C-01A,tumor,False,
-66.23282685926887,-7.387952367045369,TCGA-A8-A08F-01A,tumor,False,
-20.979785197152403,19.34062748778096,TCGA-A8-A08G-01A,tumor,True,high_detected_genes
32.73470336547905,-12.630317089084668,TCGA-A8-A08H-01A,tumor,False,
2.128983738060766,21.716896498633982,TCGA-A8-A08I-01A,tumor,False,
-44.21482265100781,1.5979220065927537,TCGA-A8-A08J-01A,tumor,False,
-7.1806364811322005,-19.278660491959965,TCGA-A8-A08L-01A,tumor,False,
-11.86370918751419,27.904648025231207,TCGA-A8-A08O-01A,tumor,False,
-47.584584824972424,-19.490879812205538,TCGA-A8-A08P-01A,tumor,False,
33.66923157488971,-96.55105688206352,TCGA-A8-A08R-01A,tumor,False,
-46.11614225540755,18.71143479854865,TCGA-A8-A08S-01A,tumor,False,
-31.485557197124656,24.742473643916473,TCGA-A8-A08T-01A,tumor,False,
-20.72347846903523,-75.56925249931561,TCGA-A8-A08X-01A,tumor,False,
-18.17554267125462,13.333153733272201,TCGA-A8-A08Z-01A,tumor,False,
-45.912596508629115,6.961217469520756,TCGA-A8-A090-01A,tumor,False,
-10.330051111430775,57.89476098754089,TCGA-A8-A091-01A,tumor,False,
-40.61555484518221,6.178899497927599,TCGA-A8-A092-01A,tumor,False,
-53.70870162042424,44.552561050401756,TCGA-A8-A093-01A,tumor,False,
-47.15847874561849,-48.717945917103286,TCGA-A8-A094-01A,tumor,False,
-9.344709120276086,34.2038694953697,TCGA-A8-A095-01A,tumor,False,
-24.519941165760894,32.96919146973526,TCGA-A8-A096-01A,tumor,False,
17.13078973488159,16.776919296370654,TCGA-A8-A097-01A,tumor,False,
-68.0303365408263,31.666620078189993,TCGA-A8-A099-01A,tumor,False,
5.49286960439973,8.904395052891509,TCGA-A8-A09A-01A,tumor,False,
-22.551892741897944,48.52746351996164,TCGA-A8-A09B-01A,tumor,False,
-40.818888727397194,32.91079090306958,TCGA-A8-A09C-01A,tumor,False,
-7.338430556126296,9.816481392859787,TCGA-A8-A09D-01A,tumor,False,
-68.67891311428109,8.872353882990907,TCGA-A8-A09E-01A,tumor,False,
-4.001403756605581,-7.945017780441601,TCGA-A8-A09G-01A,tumor,False,
-28.965424741924835,5.379902318057167,TCGA-A8-A09I-01A,tumor,True,high_library_size
-74.79761777332304,9.642807600237997,TCGA-A8-A09K-01A,tumor,False,
-71.10998952511734,6.186186209306461,TCGA-A8-A09M-01A,tumor,False,
-62.87958473788634,11.224460016997327,TCGA-A8-A09N-01A,tumor,False,
-36.81040407619843,18.857185186522923,TCGA-A8-A09Q-01A,tumor,False,
-28.522581240352807,18.654957644047002,TCGA-A8-A09R-01A,tumor,False,
-91.7031534651721,2.0807800259588918,TCGA-A8-A09T-01A,tumor,True,low_detected_genes
-14.46817699728862,62.9090704306454,TCGA-A8-A09V-01A,tumor,False,
-57.39286867953371,4.452147738139922,TCGA-A8-A09W-01A,tumor,False,
-20.567342838986352,-35.96276041343523,TCGA-A8-A09X-01A,tumor,False,
-92.05890324869752,-25.882199725789235,TCGA-A8-A09Z-01A,tumor,False,
-29.245326203945464,31.939335663860824,TCGA-A8-A0A1-01A,tumor,False,
-22.187820579261604,41.54550165984147,TCGA-A8-A0A2-01A,tumor,False,
28.54527736031509,28.8938790439294,TCGA-A8-A0A4-01A,tumor,True,high_detected_genes
14.319183870985746,10.64401249785692,TCGA-A8-A0A6-01A,tumor,False,
11.513385602964478,-27.776828648412394,TCGA-A8-A0A7-01A,tumor,False,
-53.089053967923334,25.935233003143207,TCGA-A8-A0A9-01A,tumor,False,
-25.242653745602905,35.431762738555484,TCGA-A8-A0AB-01A,tumor,False,
-64.98009201291607,35.0841639394158,TCGA-A8-A0AD-01A,tumor,False,
14.45790235058806,29.674711596448716,TCGA-AC-A23C-01A,tumor,False,
-18.105673218771376,31.40193317599676,TCGA-AC-A23E-01A,tumor,False,
-2.6708859987589735,-2.8729700320224425,TCGA-AC-A23G-01A,tumor,False,
-53.363801023049405,-15.21248016550542,TCGA-AC-A23H-01A,tumor,False,
126.2417690820438,30.32171950365339,TCGA-AC-A23H-11A,normal,False,
30.9860548515619,54.35293839141951,TCGA-AC-A2B8-01A,tumor,False,
-10.066285556934119,-101.40461289473068,TCGA-AC-A2BK-01A,tumor,False,
-55.27433323452537,23.035980293303215,TCGA-AC-A2BM-01A,tumor,False,
56.075170113971225,34.60655253358091,TCGA-AC-A2FB-01A,tumor,False,
130.6915496925752,44.312771696170486,TCGA-AC-A2FB-11A,normal,False,
27.53581528148452,34.118759385584276,TCGA-AC-A2FE-01A,tumor,False,
79.58055376286184,40.943876052595826,TCGA-AC-A2FF-01A,tumor,False,
114.12987545487658,27.436341636897705,TCGA-AC-A2FF-11A,normal,False,
72.03292647297596,61.515383819789776,TCGA-AC-A2FG-01A,tumor,False,
86.49029588319678,23.212988343273775,TCGA-AC-A2FK-01A,tumor,False,
-30.150568043953605,42.12069555156925,TCGA-AC-A2FM-01A,tumor,False,
92.0151710989475,33.053766247708914,TCGA-AC-A2FM-11B,normal,False,
33.85338281380844,40.38364586482451,TCGA-AC-A2FO-01A,tumor,False,
24.13918510618398,-43.20058342296369,TCGA-AC-A2QH-01A,tumor,True,high_detected_genes
-31.415142223512944,-64.82429529168346,TCGA-AC-A2QH-01B,tumor,False,
-4.092939272982713,28.391108126126557,TCGA-AC-A2QI-01A,tumor,False,
-19.767514581507804,-90.87850730252002,TCGA-AC-A2QJ-01A,tumor,False,
26.386273558740196,41.34728744562354,TCGA-AC-A3BB-01A,tumor,False,
-37.78674984595221,12.711838792666569,TCGA-AC-A3EH-01A,tumor,False,
54.49420544893883,48.3586042594829,TCGA-AC-A3HN-01A,tumor,False,
45.719631451405014,20.354422320855157,TCGA-AC-A3OD-01A,tumor,True,high_detected_genes
-30.76470998397842,-6.516532931732018,TCGA-AC-A3OD-01B,tumor,True,high_detected_genes
16.527116852951476,24.96624788131952,TCGA-AC-A3QP-01A,tumor,False,
-36.36360147748499,17.013489788370936,TCGA-AC-A3QQ-01B,tumor,False,
-25.693190140382164,15.3909685913327,TCGA-AC-A3TM-01A,tumor,False,
-41.72671343044917,40.468557604621,TCGA-AC-A3TN-01A,tumor,False,
7.247765933593994,-13.367329625210582,TCGA-AC-A3W5-01A,tumor,False,
-2.6527065039192004,30.048884051840265,TCGA-AC-A3W6-01A,tumor,False,
37.79518238657684,45.86850579518518,TCGA-AC-A3W7-01A,tumor,False,
32.05189904509848,7.304927680048878,TCGA-AC-A3YI-01A,tumor,False,
-76.52973429981137,26.870586522835616,TCGA-AC-A3YJ-01A,tumor,False,
-20.877878845669777,48.442904972115485,TCGA-AC-A4ZE-01A,tumor,False,
-40.795910601868925,-17.357782867493547,TCGA-AC-A5EH-01A,tumor,False,
-7.986360939221133,13.404079518625245,TCGA-AC-A5XS-01A,tumor,False,
-51.468549052338275,11.120640445088204,TCGA-AC-A5XU-01A,tumor,False,
-91.58166147062536,0.3135613795226806,TCGA-AC-A62V-01A,tumor,False,
1.0871657368561853,-105.65704575618251,TCGA-AC-A62X-01A,tumor,False,
-34.44071034782738,34.27437529612439,TCGA-AC-A62Y-01A,tumor,False,
45.537241170385364,33.99759584850884,TCGA-AC-A6IV-01A,tumor,False,
28.238025631228673,-101.69750999655187,TCGA-AC-A6IW-01A,tumor,False,
29.079936693753073,37.476956726563785,TCGA-AC-A6IX-01A,tumor,False,
-18.616932707099792,26.59052216385074,TCGA-AC-A6NO-01A,tumor,False,
-68.54947904818266,15.41867124811149,TCGA-AC-A7VB-01A,tumor,False,
-30.500120764553017,-62.51749036719647,TCGA-AC-A7VC-01A,tumor,False,
-4.481136064527237,21.941309052537676,TCGA-AC-A8OP-01A,tumor,False,
45.38217649325265,-72.62861659488071,TCGA-AC-A8OQ-01A,tumor,False,
-84.67554169689879,-5.924720194290932,TCGA-AC-A8OR-01A,tumor,False,
40.25762860234088,42.31080179397418,TCGA-AC-A8OS-01A,tumor,False,
-72.57820564255137,11.152811122828345,TCGA-AN-A03X-01A,tumor,True,low_detected_genes
-47.69310123087951,10.185394427317252,TCGA-AN-A03Y-01A,tumor,False,
-36.44241183822959,16.634434824271,TCGA-AN-A041-01A,tumor,False,
-31.670943983106113,11.30417964877449,TCGA-AN-A046-01A,tumor,False,
-28.21931555873267,20.28030513507887,TCGA-AN-A049-01A,tumor,False,
-11.92915817610387,12.47919501977256,TCGA-AN-A04A-01A,tumor,False,
-17.51045169759102,-41.303308153248835,TCGA-AN-A04C-01A,tumor,False,
0.6515645085926274,-92.41205211167271,TCGA-AN-A04D-01A,tumor,False,
-39.751828339894246,-14.51675569326065,TCGA-AN-A0AJ-01A,tumor,False,
-102.98924139972708,-31.27081652616889,TCGA-AN-A0AK-01A,tumor,True,low_detected_genes
18.237266237888882,-77.07044396703604,TCGA-AN-A0AL-01A,tumor,False,
-15.935990913117632,-35.54789391538321,TCGA-AN-A0AM-01A,tumor,False,
17.445683343630044,-84.32783014848086,TCGA-AN-A0AR-01A,tumor,False,
-55.287548226521146,-26.35777958395925,TCGA-AN-A0AS-01A,tumor,False,
32.98226796761563,-109.5745972369873,TCGA-AN-A0AT-01A,tumor,False,
-56.55577480147393,3.7080820395722283,TCGA-AN-A0FD-01A,tumor,False,
-33.8764990596008,40.44470444408502,TCGA-AN-A0FF-01A,tumor,False,
-10.897020911116561,-106.54685202618506,TCGA-AN-A0FJ-01A,tumor,False,
-74.52495242275869,28.53839944948416,TCGA-AN-A0FK-01A,tumor,False,
-24.603616167645015,-82.81382463302828,TCGA-AN-A0FL-01A,tumor,False,
30.818399401458272,34.31019057585267,TCGA-AN-A0FN-01A,tumor,False,
44.40335229083724,65.17251201542707,TCGA-AN-A0FS-01A,tumor,False,
-57.16295997161186,6.653488050353559,TCGA-AN-A0FT-01A,tumor,False,
-37.00661306362543,-16.087512864803877,TCGA-AN-A0FV-01A,tumor,False,
-8.26347480319979,30.292880956936354,TCGA-AN-A0FW-01A,tumor,False,
68.84301175461951,-58.07468294367206,TCGA-AN-A0FX-01A,tumor,False,
-19.27389364224227,9.489957610513967,TCGA-AN-A0FY-01A,tumor,False,
-37.91577624844088,20.012591214459786,TCGA-AN-A0FZ-01A,tumor,False,
0.9155898374505494,-86.23928574077264,TCGA-AN-A0G0-01A,tumor,False,
27.859214240264304,47.65535966734953,TCGA-AN-A0XL-01A,tumor,False,
-38.68492350441641,-18.873826201867452,TCGA-AN-A0XN-01A,tumor,False,
-8.964682489185517,20.07775738817386,TCGA-AN-A0XO-01A,tumor,False,
-65.8404776779035,29.28165105841439,TCGA-AN-A0XP-01A,tumor,False,
-92.18825420725521,17.266875444110926,TCGA-AN-A0XR-01A,tumor,False,
-0.7410124909245847,34.30009227049897,TCGA-AN-A0XS-01A,tumor,False,
-26.404867412054685,38.03786742295506,TCGA-AN-A0XT-01A,tumor,False,
34.595827384504766,-94.01049632507413,TCGA-AN-A0XU-01A,tumor,False,
13.414207722940137,36.25530267499817,TCGA-AN-A0XV-01A,tumor,False,
-12.80506047411114,5.901546406587792,TCGA-AN-A0XW-01A,tumor,False,
-14.82198594209747,14.252149430426464,TCGA-AO-A03L-01A,tumor,False,
16.32689222863474,0.4469744304680477,TCGA-AO-A03M-01B,tumor,False,
-66.44143354887947,1.747285606310371,TCGA-AO-A03N-01B,tumor,True,low_detected_genes
-55.23333655900668,-21.43845257014505,TCGA-AO-A03O-01A,tumor,False,
-67.40941068856972,-0.9981525209803817,TCGA-AO-A03P-01A,tumor,False,
-18.925805096491306,-4.677588614615007,TCGA-AO-A03R-01A,tumor,False,
-7.402656183214497,15.704474435344794,TCGA-AO-A03T-01A,tumor,False,
56.485817038819455,-35.58595265776335,TCGA-AO-A03U-01B,tumor,False,
-12.204067974705271,25.08480783102563,TCGA-AO-A03V-01A,tumor,False,
-19.632302168234627,-52.42638227489372,TCGA-AO-A0J2-01A,tumor,False,
-76.20769162376077,19.877318086235476,TCGA-AO-A0J3-01A,tumor,False,
67.16482222394538,-89.40792881020111,TCGA-AO-A0J4-01A,tumor,False,
-0.9887243978276978,35.873608005381044,TCGA-AO-A0J5-01A,tumor,False,
16.609330114039892,-113.80077040952665,TCGA-AO-A0J6-01A,tumor,False,
-75.48174018369726,18.30097807278463,TCGA-AO-A0J7-01A,tumor,False,
-20.69745757713868,36.69904595350161,TCGA-AO-A0J8-01A,tumor,False,
26.85841529358862,21.43311155470028,TCGA-AO-A0J9-01A,tumor,False,
0.4516708029761226,20.606727924732887,TCGA-AO-A0JA-01A,tumor,False,
-35.677971239185624,-31.967732779061702,TCGA-AO-A0JB-01A,tumor,False,
36.55553701531616,-17.435778194826195,TCGA-AO-A0JC-01A,tumor,False,
-17.165402381000405,-20.43875287970219,TCGA-AO-A0JD-01A,tumor,False,
-0.8202244907843788,-20.8859471791821,TCGA-AO-A0JE-01A,tumor,False,
20.654192534463014,39.63206182757814,TCGA-AO-A0JF-01A,tumor,False,
26.353288135972,31.835475774601214,TCGA-AO-A0JG-01A,tumor,False,
-43.95522601311202,36.154664240292234,TCGA-AO-A0JI-01A,tumor,False,
41.875588701600456,40.50614049350499,TCGA-AO-A0JJ-01A,tumor,False,
1.5542418245721112,-84.34679893828635,TCGA-AO-A0JL-01A,tumor,False,
-69.79378615963743,-2.073732696196426,TCGA-AO-A0JM-01A,tumor,False,
35.64751669559061,-117.53533556461942,TCGA-AO-A124-01A,tumor,False,
-100.63496797832862,27.3354827889591,TCGA-AO-A125-01A,tumor,False,
-43.232521749062826,33.42620608450078,TCGA-AO-A126-01A,tumor,False,
14.664014503394982,-83.59484796752822,TCGA-AO-A128-01A,tumor,False,
47.08884661115026,-93.02053038575437,TCGA-AO-A129-01A,tumor,False,
45.321684963699276,40.35821044049658,TCGA-AO-A12A-01A,tumor,False,
-90.5108243152469,24.08702279697416,TCGA-AO-A12B-01A,tumor,False,
-17.425693344849673,28.635638127531582,TCGA-AO-A12C-01A,tumor,False,
-3.0103811784204058,-41.389636515880376,TCGA-AO-A12D-01A,tumor,False,
46.6885921975607,49.11131026186894,TCGA-AO-A12E-01A,tumor,False,
36.51229583906841,-64.65905997364236,TCGA-AO-A12F-01A,tumor,False,
-21.209370512056104,23.67964856362617,TCGA-AO-A12G-01A,tumor,False,
-81.42312087614127,30.71980891960066,TCGA-AO-A12H-01A,tumor,False,
106.97265593285505,19.38551532982677,TCGA-AO-A1KO-01A,tumor,False,
-46.24779311192961,26.407994508740003,TCGA-AO-A1KP-01A,tumor,False,
-64.79489200783951,4.231230221438396,TCGA-AO-A1KQ-01A,tumor,False,
-20.64933060588033,-98.13350061829475,TCGA-AO-A1KR-01A,tumor,False,
-2.0044339884519937,21.71056961897421,TCGA-AO-A1KS-01A,tumor,False,
-26.857129458499184,11.036281376707885,TCGA-AO-A1KT-01A,tumor,False,
-49.88403508478397,14.023020969927526,TCGA-AQ-A04H-01B,tumor,False,
92.73486478438333,-62.24474082065809,TCGA-AQ-A04J-01A,tumor,False,
-51.02388837453687,-22.591698073637886,TCGA-AQ-A04L-01B,tumor,False,
-26.739559004815973,3.9183429519957187,TCGA-AQ-A0Y5-01A,tumor,False,
-68.28572229470356,30.045830784253692,TCGA-AQ-A1H2-01A,tumor,False,
28.293300498801745,45.440326519639605,TCGA-AQ-A1H3-01A,tumor,False,
-43.17331559171996,-124.94370629509845,TCGA-AQ-A54N-01A,tumor,False,
-79.39906279439816,17.92056642425967,TCGA-AQ-A54O-01A,tumor,True,low_detected_genes
22.379778676919678,24.297282317695803,TCGA-AQ-A7U7-01A,tumor,False,
20.47964524820111,-90.92346992600328,TCGA-AR-A0TP-01A,tumor,False,
-4.794065654153188,3.868815190057168,TCGA-AR-A0TQ-01A,tumor,False,
-67.5004677545988,43.13508895476623,TCGA-AR-A0TR-01A,tumor,False,
71.76871429077885,-73.70617042169832,TCGA-AR-A0TS-01A,tumor,False,
-24.118770774635326,-16.394779834459403,TCGA-AR-A0TT-01A,tumor,False,
1.5710635133000113,-123.63336282392223,TCGA-AR-A0TU-01A,tumor,False,
-79.81877453365817,-9.36348738841366,TCGA-AR-A0TV-01A,tumor,False,
-73.591497790764,-18.659971088708858,TCGA-AR-A0TW-01A,tumor,False,
9.805659274519083,1.4259502623478897,TCGA-AR-A0TX-01A,tumor,False,
-41.62936674488061,-10.71993925561389,TCGA-AR-A0TY-01A,tumor,False,
-43.11604779709772,34.38723676998732,TCGA-AR-A0TZ-01A,tumor,False,
-8.378654083377631,-112.93760633485934,TCGA-AR-A0U0-01A,tumor,False,
-37.36147628831618,-6.3170535798608105,TCGA-AR-A0U2-01A,tumor,False,
-59.20681399673315,8.87797869903305,TCGA-AR-A0U3-01A,tumor,False,
18.535626226203966,-91.66028438540883,TCGA-AR-A0U4-01A,tumor,False,
1.1958173403362202,-89.0766754650865,TCGA-AR-A1AH-01A,tumor,False,
7.369133679902097,-120.72731859469366,TCGA-AR-A1AI-01A,tumor,False,
55.5685393279493,-77.37777265387584,TCGA-AR-A1AJ-01A,tumor,False,
28.657312784003633,34.24918494070662,TCGA-AR-A1AK-01A,tumor,False,
59.456005803474426,50.61681544375944,TCGA-AR-A1AL-01A,tumor,False,
38.98305626634405,42.785850388889585,TCGA-AR-A1AM-01A,tumor,False,
-2.82431658202249,34.43926594959822,TCGA-AR-A1AN-01A,tumor,False,
77.96336684783734,-24.255591372571303,TCGA-AR-A1AO-01A,tumor,False,
-14.08281703302053,8.035619991248305,TCGA-AR-A1AP-01A,tumor,False,
9.313438004199202,-112.00616704422453,TCGA-AR-A1AQ-01A,tumor,False,
46.42425435571945,-65.23189861595372,TCGA-AR-A1AR-01A,tumor,False,
-88.76061699649564,-7.5971407857047595,TCGA-AR-A1AS-01A,tumor,False,
-36.9562815352545,-27.554528538890526,TCGA-AR-A1AT-01A,tumor,False,
32.06048558471779,31.940501619184012,TCGA-AR-A1AU-01A,tumor,False,
-56.881982033218456,45.13413964400546,TCGA-AR-A1AV-01A,tumor,False,
4.361204336899797,-10.018133523957616,TCGA-AR-A1AW-01A,tumor,False,
29.29042222003904,11.102691925076451,TCGA-AR-A1AX-01A,tumor,False,
28.91115700195171,-89.07198220121867,TCGA-AR-A1AY-01A,tumor,False,
-36.00602348860295,4.181275536339983,TCGA-AR-A24H-01A,tumor,False,
-66.16893012839476,14.371987091457363,TCGA-AR-A24K-01A,tumor,False,
3.4083614735187577,47.00177864197752,TCGA-AR-A24L-01A,tumor,False,
15.887152356555886,47.010264286996026,TCGA-AR-A24M-01A,tumor,False,
-33.227499653591956,18.19489482469366,TCGA-AR-A24N-01A,tumor,False,
56.967418480619045,44.49962522635158,TCGA-AR-A24O-01A,tumor,False,
7.623983717095005,29.853855567638558,TCGA-AR-A24P-01A,tumor,False,
48.25423722514982,-59.67884750186387,TCGA-AR-A24Q-01A,tumor,False,
-23.467138703157374,27.556491593289042,TCGA-AR-A24R-01A,tumor,False,
8.6227719294012,11.739678282894427,TCGA-AR-A24S-01A,tumor,False,
17.82956322270437,37.498831911347324,TCGA-AR-A24T-01A,tumor,False,
25.252707901464102,-25.585229196653675,TCGA-AR-A24U-01A,tumor,False,
-29.756893091359913,20.606425900971193,TCGA-AR-A24V-01A,tumor,False,
69.49604571793964,47.071803559580516,TCGA-AR-A24W-01A,tumor,False,
-33.714600385227364,17.017334158699025,TCGA-AR-A24X-01A,tumor,False,
-25.941337109614228,33.43291974389771,TCGA-AR-A24Z-01A,tumor,False,
-22.374791855580327,6.645068073477927,TCGA-AR-A250-01A,tumor,False,
83.89322577183863,-64.41862056423946,TCGA-AR-A251-01A,tumor,True,high_library_size;high_detected_genes
56.45543954487682,23.56074022839301,TCGA-AR-A252-01A,tumor,False,
12.524724049251729,-7.392109679351463,TCGA-AR-A254-01A,tumor,False,
24.094894960047313,33.53757358545321,TCGA-AR-A255-01A,tumor,False,
29.05668255416434,-100.04946544681906,TCGA-AR-A256-01A,tumor,False,
-42.58107901408218,20.883630072146385,TCGA-AR-A2LE-01A,tumor,False,
38.24921212918416,-15.070310880238408,TCGA-AR-A2LH-01A,tumor,False,
22.34079690694172,18.946000426142106,TCGA-AR-A2LJ-01A,tumor,False,
-42.68146297358407,24.90538940926702,TCGA-AR-A2LK-01A,tumor,False,
-41.443888774825105,17.176036914579296,TCGA-AR-A2LL-01A,tumor,False,
39.42453113556115,53.75601161023557,TCGA-AR-A2LM-01A,tumor,False,
46.75379874144483,43.43133723878514,TCGA-AR-A2LN-01A,tumor,False,
26.198751684495363,12.377895761934083,TCGA-AR-A2LO-01A,tumor,False,
63.60487977555365,18.333162084147503,TCGA-AR-A2LQ-01A,tumor,False,
59.11196968438425,-57.52570732068697,TCGA-AR-A2LR-01A,tumor,False,
7.766766459249773,38.89826613070712,TCGA-AR-A5QM-01A,tumor,False,
24.946958766676772,38.10996329391293,TCGA-AR-A5QN-01A,tumor,False,
36.565083735998954,20.284033273143674,TCGA-AR-A5QP-01A,tumor,False,
9.64200135545803,-90.6504805371002,TCGA-AR-A5QQ-01A,tumor,False,
4.895845351387386,-112.21373296849467,TCGA-B6-A0I1-01A,tumor,False,
-11.442301772657531,-120.82696096325655,TCGA-B6-A0I2-01A,tumor,False,
-37.13403465558523,6.037056780432905,TCGA-B6-A0I5-01A,tumor,False,
13.900527475790062,-88.89219481245037,TCGA-B6-A0I6-01A,tumor,False,
-44.4981290316177,26.647284503586942,TCGA-B6-A0I8-01A,tumor,False,
-26.244200730478664,-14.890654566670667,TCGA-B6-A0I9-01A,tumor,False,
-105.52969466232626,1.4406550569401853,TCGA-B6-A0IA-01A,tumor,False,
-60.28900264827005,26.77567268605798,TCGA-B6-A0IB-01A,tumor,False,
-94.7902298969546,41.76872526817241,TCGA-B6-A0IC-01A,tumor,False,
-4.107181813349914,12.825228336814655,TCGA-B6-A0IE-01A,tumor,False,
-18.56760009596591,10.279125405351083,TCGA-B6-A0IG-01A,tumor,False,
31.762314465275036,23.70240909786411,TCGA-B6-A0IH-01A,tumor,False,
22.20284841660651,-105.0485813750912,TCGA-B6-A0IJ-01A,tumor,False,
-18.43021611366412,-29.2314270923771,TCGA-B6-A0IK-01A,tumor,False,
-39.90744740688197,35.57798985550932,TCGA-B6-A0IM-01A,tumor,False,
-12.53331949698277,11.6855231155769,TCGA-B6-A0IN-01A,tumor,False,
-34.14950692678928,12.240198417494142,TCGA-B6-A0IO-01A,tumor,False,
11.664809125741147,33.60471877232643,TCGA-B6-A0IP-01A,tumor,False,
35.9489170817704,-88.83919213834965,TCGA-B6-A0IQ-01A,tumor,False,
21.552824882278994,-108.91943787439395,TCGA-B6-A0RE-01A,tumor,False,
-50.90678140183677,-1.8489028936343705,TCGA-B6-A0RG-01A,tumor,False,
-22.54183614223581,-6.058252510272092,TCGA-B6-A0RH-01A,tumor,False,
-31.738985938240134,24.85183738731999,TCGA-B6-A0RI-01A,tumor,False,
-107.69646095930257,-3.769696617507806,TCGA-B6-A0RL-01A,tumor,False,
-49.070382101147956,41.619131101807184,TCGA-B6-A0RM-01A,tumor,False,
-46.188087690186315,33.88451186340319,TCGA-B6-A0RN-01A,tumor,False,
-21.717433513015653,33.71647029746231,TCGA-B6-A0RO-01A,tumor,False,
-29.98635754997205,44.51796056204667,TCGA-B6-A0RP-01A,tumor,False,
70.97275417434014,39.561866621142656,TCGA-B6-A0RQ-01A,tumor,False,
6.522669588319293,-39.45888553845374,TCGA-B6-A0RS-01A,tumor,False,
69.75756479763506,-63.58530225435357,TCGA-B6-A0RT-01A,tumor,False,
70.62741398096635,-42.82939494164903,TCGA-B6-A0RU-01A,tumor,False,
7.402616386220244,26.685019152284028,TCGA-B6-A0RV-01A,tumor,False,
-13.223700814063424,16.37897211664707,TCGA-B6-A0WS-01A,tumor,False,
-49.7425503952283,21.881763234420973,TCGA-B6-A0WT-01A,tumor,False,
-69.36058664379517,10.370544763621876,TCGA-B6-A0WV-01A,tumor,False,
-79.83011581028887,-3.971077650641052,TCGA-B6-A0WW-01A,tumor,False,
56.45721005886696,-50.683656282691395,TCGA-B6-A0WX-01A,tumor,False,
29.34911041796283,14.223401018325491,TCGA-B6-A0WY-01A,tumor,False,
-60.78508138552969,33.24820378210005,TCGA-B6-A0WZ-01A,tumor,False,
-62.80871729728201,2.907500920573725,TCGA-B6-A0X0-01A,tumor,True,low_detected_genes
-13.2405619756306,-105.96541594503626,TCGA-B6-A0X1-01A,tumor,False,
-88.28421215401117,17.200313677806175,TCGA-B6-A0X4-01A,tumor,False,
-98.04708635908827,-1.884013947603964,TCGA-B6-A0X5-01A,tumor,False,
20.11715960999572,47.49821290209867,TCGA-B6-A0X7-01A,tumor,False,
-56.007713236431584,27.176635888797872,TCGA-B6-A1KC-01B,tumor,False,
-12.397863402162285,-100.70174289287608,TCGA-B6-A1KF-01A,tumor,False,
-3.662897226613821,57.329880494755805,TCGA-B6-A1KI-01A,tumor,False,
2.800743965949587,4.374348754734108,TCGA-B6-A1KN-01A,tumor,False,
-57.61417578350261,29.399137519022837,TCGA-B6-A2IU-01A,tumor,False,
66.6305900630586,-74.8684320435749,TCGA-B6-A3ZX-01A,tumor,False,
52.5772454737045,-90.82269018565319,TCGA-B6-A400-01A,tumor,False,
20.64334175859448,13.415444827682002,TCGA-B6-A401-01A,tumor,False,
-0.19016857869465453,-111.27013335575003,TCGA-B6-A402-01A,tumor,False,
-22.235824945090762,16.075836513462615,TCGA-B6-A408-01A,tumor,False,
33.972249121690645,-80.29621134669178,TCGA-B6-A409-01A,tumor,False,
-20.730415836790726,32.522049240054834,TCGA-B6-A40B-01A,tumor,False,
-11.604791037494172,31.723706419521722,TCGA-B6-A40C-01A,tumor,False,
-22.26330486306716,17.0845069964785,TCGA-BH-A0AU-01A,tumor,False,
91.99805111234605,33.13555203860488,TCGA-BH-A0AU-11A,normal,False,
37.92894569032291,-81.50742546899743,TCGA-BH-A0AV-01A,tumor,False,
-10.444128549212795,-35.823745311447865,TCGA-BH-A0AW-01A,tumor,False,
-22.579171030842186,12.191845700678718,TCGA-BH-A0AY-01A,tumor,False,
105.08367621394177,36.160412266713315,TCGA-BH-A0AY-11A,normal,False,
10.759676186639743,26.24115889697216,TCGA-BH-A0AZ-01A,tumor,False,
110.23942049986925,50.344965338042066,TCGA-BH-A0AZ-11A,normal,False,
17.413850012340216,30.088850809960135,TCGA-BH-A0B0-01A,tumor,False,
5.000642970979044,11.51916905380422,TCGA-BH-A0B1-01A,tumor,False,
25.076412952130706,21.351434513866515,TCGA-BH-A0B2-01A,tumor,False,
25.908565758891548,-97.71137178317822,TCGA-BH-A0B3-01A,tumor,False,
114.29193661743598,39.253770710022124,TCGA-BH-A0B3-11B,normal,False,
-45.45903089627234,-1.4287145361805886,TCGA-BH-A0B4-01A,tumor,True,low_detected_genes
2.7725808815340023,39.964610612629215,TCGA-BH-A0B5-01A,tumor,False,
52.82118201303852,9.829001674230762,TCGA-BH-A0B5-11A,normal,False,
-11.842866754533192,6.893547730272617,TCGA-BH-A0B6-01A,tumor,False,
44.13078872943715,-3.85233545753208,TCGA-BH-A0B7-01A,tumor,False,
89.92835367524891,26.90797318844066,TCGA-BH-A0B7-11A,normal,False,
-38.921801884482434,17.798484227216484,TCGA-BH-A0B8-01A,tumor,False,
81.64508254898048,10.474777803592405,TCGA-BH-A0B8-11A,normal,False,
61.16988084997197,-87.53867392100996,TCGA-BH-A0B9-01A,tumor,False,
41.761924722442934,40.38149828383224,TCGA-BH-A0BA-01A,tumor,False,
104.49833091326018,26.09308458209015,TCGA-BH-A0BA-11A,normal,False,
8.66868192459177,28.951587614382234,TCGA-BH-A0BC-01A,tumor,False,
104.11008844360087,19.20561016843279,TCGA-BH-A0BC-11A,normal,False,
12.967878267347599,10.027453322992542,TCGA-BH-A0BD-01A,tumor,False,
2.7617778104049813,-3.036779940768348,TCGA-BH-A0BF-01A,tumor,False,
49.69606904979712,-85.49059439379306,TCGA-BH-A0BG-01A,tumor,False,
11.67057590389007,39.119477300987604,TCGA-BH-A0BJ-01A,tumor,False,
99.99825871313914,20.67154862368663,TCGA-BH-A0BJ-11A,normal,False,
86.62226702124552,-51.17398557062757,TCGA-BH-A0BL-01A,tumor,False,
26.343564711479484,30.04266798045214,TCGA-BH-A0BM-01A,tumor,False,
89.66515749496533,8.060119881986704,TCGA-BH-A0BM-11A,normal,False,
59.468651537910425,48.61687995954986,TCGA-BH-A0BO-01A,tumor,False,
16.195430869230115,23.80982733927701,TCGA-BH-A0BP-01A,tumor,False,
12.209870739509563,20.423406034595573,TCGA-BH-A0BQ-01A,tumor,False,
99.94009939194576,26.07674804225634,TCGA-BH-A0BQ-11A,normal,False,
-8.772654246004139,1.0785666107997123,TCGA-BH-A0BR-01A,tumor,False,
-41.82725224248331,36.761282027218655,TCGA-BH-A0BS-01A,tumor,False,
101.51525017029755,27.10349793730212,TCGA-BH-A0BS-11A,normal,False,
-17.928912634371994,0.8879694422232258,TCGA-BH-A0BT-01A,tumor,False,
77.63796736286521,33.5629075626334,TCGA-BH-A0BT-11A,normal,False,
-47.851371588984094,28.048751794058443,TCGA-BH-A0BV-01A,tumor,False,
114.43425030055887,41.61252298681945,TCGA-BH-A0BV-11A,normal,False,
30.06603771436996,-95.96821252958145,TCGA-BH-A0BW-01A,tumor,False,
107.8583774754808,-14.241085033514754,TCGA-BH-A0BW-11A,normal,False,
-25.849137227661053,-12.964074672402612,TCGA-BH-A0BZ-01A,tumor,False,
106.67957392033227,49.978581162090045,TCGA-BH-A0BZ-11A,normal,False,
-30.600615895062155,-33.846494163315185,TCGA-BH-A0C0-01A,tumor,False,
113.86367452983238,41.07411383203523,TCGA-BH-A0C0-11A,normal,False,
-6.085259234106825,20.34485496829576,TCGA-BH-A0C1-01B,tumor,False,
23.628739320332215,25.624990038348102,TCGA-BH-A0C3-01A,tumor,False,
101.02843801298195,25.219316991456832,TCGA-BH-A0C3-11A,normal,False,
4.577940514670609,32.08024883578582,TCGA-BH-A0C7-01B,tumor,False,
-65.88755239146987,14.379899508390105,TCGA-BH-A0DD-01A,tumor,False,
59.17602916667158,20.547797276472025,TCGA-BH-A0DD-11A,normal,False,
20.009678172949926,36.95192668303224,TCGA-BH-A0DE-01A,tumor,False,
20.488965447692046,17.231024834752574,TCGA-BH-A0DG-01A,tumor,False,
107.57332783432705,34.86178219848725,TCGA-BH-A0DG-11A,normal,False,
-38.36866517289824,31.07220822275245,TCGA-BH-A0DH-01A,tumor,False,
100.32958936366681,35.103187974760345,TCGA-BH-A0DH-11A,normal,False,
33.58501758676073,13.896403955355929,TCGA-BH-A0DI-01A,tumor,False,
22.680370017943183,4.564888909744232,TCGA-BH-A0DK-01A,tumor,False,
87.71594211654704,47.43529934216872,TCGA-BH-A0DK-11A,normal,False,
33.043104254961584,-91.97261466121044,TCGA-BH-A0DL-01A,tumor,False,
130.05743569081554,34.86777434594533,TCGA-BH-A0DL-11A,normal,False,
43.18945506377083,48.82562076188276,TCGA-BH-A0DO-01B,tumor,False,
110.13118460303349,26.60428538644996,TCGA-BH-A0DO-11A,normal,False,
16.812130322641263,34.99830507835257,TCGA-BH-A0DP-01A,tumor,False,
96.14604304788931,52.721639707339826,TCGA-BH-A0DP-11A,normal,False,
3.819277682445402,40.19155404861179,TCGA-BH-A0DQ-01A,tumor,False,
105.87788221985166,55.658596057081084,TCGA-BH-A0DQ-11A,normal,False,
-31.383985021050634,18.659891422833628,TCGA-BH-A0DS-01A,tumor,False,
21.385306972354105,37.04216942451954,TCGA-BH-A0DT-01A,tumor,False,
99.2612701145325,45.295832093360005,TCGA-BH-A0DT-11A,normal,False,
63.031185447009314,52.70506139012647,TCGA-BH-A0DV-01A,tumor,False,
105.72111451110932,44.13839457535376,TCGA-BH-A0DV-11A,normal,False,
12.258893904321088,17.686355971063374,TCGA-BH-A0DX-01A,tumor,False,
-67.91934686768678,-36.566903173623714,TCGA-BH-A0DZ-01A,tumor,True,low_detected_genes
69.5387150351053,13.283813483725838,TCGA-BH-A0DZ-11A,normal,False,
-28.984099098321142,-89.11961705162534,TCGA-BH-A0E0-01A,tumor,False,
67.62506559973039,21.807024790011535,TCGA-BH-A0E0-11A,normal,False,
-20.828956927550486,30.420560095811993,TCGA-BH-A0E1-01A,tumor,False,
69.36005567265376,1.2650845786048441,TCGA-BH-A0E1-11A,normal,False,
-13.887419114883924,5.911491373844883,TCGA-BH-A0E2-01A,tumor,False,
31.644956579055812,-78.91022970158207,TCGA-BH-A0E6-01A,tumor,False,
-63.95297380277263,45.951668563492575,TCGA-BH-A0E7-01A,tumor,False,
58.75406007676867,47.73986587991625,TCGA-BH-A0E9-01B,tumor,False,
35.14834361167953,42.1269578334205,TCGA-BH-A0EA-01A,tumor,False,
-19.493804013125278,28.124820441369348,TCGA-BH-A0EB-01A,tumor,False,
-26.772221720834906,-64.77555841682371,TCGA-BH-A0EE-01A,tumor,False,
-32.656477977073195,31.73842894140364,TCGA-BH-A0EI-01A,tumor,False,
-0.4423718535885427,-18.246240471353968,TCGA-BH-A0GY-01A,tumor,False,
-22.375614180807172,17.292275043516398,TCGA-BH-A0GZ-01A,tumor,False,
-48.51317298540365,33.33883763194818,TCGA-BH-A0H0-01A,tumor,False,
40.92543581494278,37.41708726391287,TCGA-BH-A0H3-01A,tumor,False,
40.39273161370477,22.715194081282874,TCGA-BH-A0H5-01A,tumor,False,
102.54166300510526,38.37280479294613,TCGA-BH-A0H5-11A,normal,False,
-38.990730416210454,31.280791188044315,TCGA-BH-A0H6-01A,tumor,False,
-20.792394267235295,4.282275041709703,TCGA-BH-A0H7-01A,tumor,False,
84.30281576059782,24.191209153857166,TCGA-BH-A0H7-11A,normal,False,
-18.90838495152612,21.269675453606137,TCGA-BH-A0H9-01A,tumor,False,
37.91445920114975,-1.06889832641891,TCGA-BH-A0H9-11A,normal,False,
-19.418882494451505,25.359614443963284,TCGA-BH-A0HA-01A,tumor,False,
85.66394878009936,6.510736786731622,TCGA-BH-A0HA-11A,normal,False,
-26.94237468000114,-9.57884499915503,TCGA-BH-A0HB-01A,tumor,False,
24.830423752380867,13.86367971420616,TCGA-BH-A0HF-01A,tumor,False,
-41.09209940916031,45.96937901670484,TCGA-BH-A0HI-01A,tumor,False,
10.312726251746497,0.02872570226577563,TCGA-BH-A0HK-01A,tumor,False,
100.41492207201695,32.85041515804107,TCGA-BH-A0HK-11A,normal,False,
-74.70831387916957,26.742698076760092,TCGA-BH-A0HL-01A,tumor,False,
-104.88574908835847,22.239778146167087,TCGA-BH-A0HN-01A,tumor,False,
-32.70411283286337,45.97224961142507,TCGA-BH-A0HO-01A,tumor,False,
27.98632417897577,39.64423386908677,TCGA-BH-A0HP-01A,tumor,False,
-13.856794829244887,28.544009791135625,TCGA-BH-A0HQ-01A,tumor,False,
-43.08054767227669,6.6512329327986155,TCGA-BH-A0HU-01A,tumor,False,
-80.78818620154047,24.326543349037,TCGA-BH-A0HW-01A,tumor,False,
-10.378628024526003,14.043185112039591,TCGA-BH-A0HX-01A,tumor,False,
-37.51393145881954,-1.4631412906271566,TCGA-BH-A0HY-01A,tumor,False,
41.68651615375352,-70.7073202510971,TCGA-BH-A0RX-01A,tumor,False,
-88.07565906038165,40.87844435691837,TCGA-BH-A0W3-01A,tumor,False,
14.753552825397254,48.47902937536325,TCGA-BH-A0W4-01A,tumor,False,
38.63577881573207,30.322941019075913,TCGA-BH-A0W5-01A,tumor,False,
3.1755268103933623,23.138296335783405,TCGA-BH-A0W7-01A,tumor,False,
39.99670689318294,-103.02679048574066,TCGA-BH-A0WA-01A,tumor,False,
23.595103016892388,25.031933711403248,TCGA-BH-A18F-01A,tumor,False,
-40.44900062902388,-104.23344525492078,TCGA-BH-A18G-01A,tumor,True,low_detected_genes
-42.724224571304475,4.174610009489399,TCGA-BH-A18H-01A,tumor,False,
19.15124551543991,38.28338331937923,TCGA-BH-A18I-01A,tumor,False,
-37.05793932690917,0.020879549955479356,TCGA-BH-A18J-01A,tumor,False,
91.31479188589985,30.68603420638597,TCGA-BH-A18J-11A,normal,False,
-8.790505582636275,26.91804191741652,TCGA-BH-A18K-01A,tumor,False,
93.8676750376291,37.111426612479406,TCGA-BH-A18K-11A,normal,False,
-62.60720021186115,14.532332913042419,TCGA-BH-A18L-01A,tumor,False,
104.47850740086042,44.52451567703389,TCGA-BH-A18L-11A,normal,False,
22.178874721592855,44.15909336130148,TCGA-BH-A18M-01A,tumor,False,
92.76716793912935,43.594667792831814,TCGA-BH-A18M-11A,normal,False,
-63.256582032151094,38.74357004211768,TCGA-BH-A18N-01A,tumor,False,
116.59160934572576,58.680483060348756,TCGA-BH-A18N-11A,normal,False,
-28.738719447907467,4.496957654886271,TCGA-BH-A18P-01A,tumor,False,
99.91840749979113,39.14966896311996,TCGA-BH-A18P-11A,normal,False,
66.48350710517697,-49.490747094367215,TCGA-BH-A18Q-01A,tumor,False,
124.87496938976221,43.92076865240173,TCGA-BH-A18Q-11A,normal,False,
11.968202847020475,1.3554731328105032,TCGA-BH-A18R-01A,tumor,False,
123.91895562519181,48.17394171854262,TCGA-BH-A18R-11A,normal,False,
-68.54636166332972,42.27399084507735,TCGA-BH-A18S-01A,tumor,False,
91.5939962509379,26.136400692705603,TCGA-BH-A18S-11A,normal,False,
3.479032026916346,-104.62793419432397,TCGA-BH-A18T-01A,tumor,False,
-48.79639341745283,-9.08100685908535,TCGA-BH-A18U-01A,tumor,False,
98.27597794871211,20.737906642469188,TCGA-BH-A18U-11A,normal,False,
33.205512423352744,-103.26494835435234,TCGA-BH-A18V-01A,tumor,False,
86.76585334935865,23.917170969481106,TCGA-BH-A18V-11A,normal,False,
-55.634455720508754,-16.892094654006467,TCGA-BH-A1EN-01A,tumor,False,
127.52731228334771,43.23781477370751,TCGA-BH-A1EN-11A,normal,False,
-30.802461278866758,6.614360992151183,TCGA-BH-A1EO-01A,tumor,False,
91.89077516227624,17.257486909633123,TCGA-BH-A1EO-11A,normal,True,high_library_size
-69.01925965038748,-7.650585932996817,TCGA-BH-A1ES-01A,tumor,False,
13.834927872855845,70.27290023373111,TCGA-BH-A1ET-01A,tumor,False,
131.4432609946586,57.920367884423854,TCGA-BH-A1ET-11B,normal,False,
81.89391619119188,69.29817348411048,TCGA-BH-A1EU-01A,tumor,True,high_detected_genes
84.12996373798934,26.41445845129459,TCGA-BH-A1EU-11A,normal,False,
-41.1982378371292,10.468207269246635,TCGA-BH-A1EV-01A,tumor,False,
138.9550459710489,38.112367503537136,TCGA-BH-A1EV-11A,normal,False,
0.689150783235803,22.264228218677534,TCGA-BH-A1EW-01A,tumor,False,
111.74864926510406,59.664916930536755,TCGA-BH-A1EW-11B,normal,False,
23.889537397327256,15.820915397919354,TCGA-BH-A1EX-01A,tumor,False,
-29.74075837752003,11.832255896073587,TCGA-BH-A1EY-01A,tumor,False,
110.05614550586911,-50.17945606554243,TCGA-BH-A1F0-01A,tumor,False,
127.6658700058476,42.807350327088095,TCGA-BH-A1F0-11B,normal,False,
8.46674324353495,23.13056890457206,TCGA-BH-A1F2-01A,tumor,False,
134.8803491904355,45.956426483005416,TCGA-BH-A1F2-11A,normal,False,
-40.17350440352865,42.23652537551073,TCGA-BH-A1F5-01A,tumor,False,
19.749317450303803,-103.42166436703597,TCGA-BH-A1F6-01A,tumor,False,
140.82118270711263,46.77758800733547,TCGA-BH-A1F6-11B,normal,False,
-41.35158310816224,6.989448224948097,TCGA-BH-A1F8-01A,tumor,False,
89.87376938518332,15.351982080643008,TCGA-BH-A1F8-11B,normal,False,
77.6685532828483,38.37862609543115,TCGA-BH-A1FB-01A,tumor,False,
93.27005799193596,27.68471828262849,TCGA-BH-A1FB-11A,normal,False,
0.2622354397039776,-115.44361661606202,TCGA-BH-A1FC-01A,tumor,False,
78.34029904212309,27.676741757345514,TCGA-BH-A1FC-11A,normal,False,
-54.80733133251075,7.422323275275685,TCGA-BH-A1FD-01A,tumor,False,
110.9194065929875,48.50599586636417,TCGA-BH-A1FD-11B,normal,False,
42.2333065556993,22.494433194874432,TCGA-BH-A1FE-01A,tumor,False,
114.69056230418634,19.84758679836742,TCGA-BH-A1FE-11B,normal,False,
-54.578217690197405,27.405412394719768,TCGA-BH-A1FG-01A,tumor,False,
95.53664564619201,31.60126413137598,TCGA-BH-A1FG-11B,normal,False,
80.34698815734146,45.80728970773592,TCGA-BH-A1FH-01A,tumor,False,
98.8174224555128,10.08681857211287,TCGA-BH-A1FH-11B,normal,False,
-57.92684741420723,32.459676331995,TCGA-BH-A1FJ-01A,tumor,False,
131.142475341071,50.677381863121234,TCGA-BH-A1FJ-11B,normal,False,
-9.951253571532346,42.42287786748923,TCGA-BH-A1FL-01A,tumor,False,
-60.153315664480786,-5.40722448463898,TCGA-BH-A1FM-01A,tumor,False,
125.32688125358997,47.20711972305117,TCGA-BH-A1FM-11B,normal,False,
-37.31598325526867,-31.020494955784034,TCGA-BH-A1FN-01A,tumor,False,
125.67965607577685,13.659913914706351,TCGA-BH-A1FN-11A,normal,False,
-42.53651363051237,26.194253263928452,TCGA-BH-A1FR-01A,tumor,False,
87.98122764470114,32.98333862531956,TCGA-BH-A1FR-11B,normal,False,
36.6000702535812,-29.044940624749795,TCGA-BH-A1FU-01A,tumor,False,
88.72600827952773,34.213239191822794,TCGA-BH-A1FU-11A,normal,False,
39.241819712326894,29.54291803627448,TCGA-BH-A201-01A,tumor,False,
2.166590410302931,-13.045727925192685,TCGA-BH-A202-01A,tumor,False,
1.7920883695913559,-25.950837990191722,TCGA-BH-A203-01A,tumor,False,
121.47141435409402,30.895046294345153,TCGA-BH-A203-11A,normal,False,
-65.23504402609103,37.10931654009145,TCGA-BH-A204-01A,tumor,False,
102.9178738044168,37.82728838703687,TCGA-BH-A204-11A,normal,False,
37.10048251653724,-24.649159218548846,TCGA-BH-A208-01A,tumor,False,
114.8622869301438,33.69116813648211,TCGA-BH-A208-11A,normal,False,
0.15099288837007507,-19.33250697596814,TCGA-BH-A209-01A,tumor,False,
128.8865695763743,34.12767976317311,TCGA-BH-A209-11A,normal,False,
93.70870655282971,36.799052671358396,TCGA-BH-A28O-01A,tumor,False,
1.840562125801227,55.004535095026974,TCGA-BH-A28Q-01A,tumor,False,
19.256018371436134,25.914709105455536,TCGA-BH-A2L8-01A,tumor,False,
-26.902071862844227,17.089621912788346,TCGA-BH-A42T-01A,tumor,False,
88.47241936227884,22.805578120845524,TCGA-BH-A42U-01A,tumor,False,
65.24160495475813,45.3570846270587,TCGA-BH-A42V-01A,tumor,False,
-7.700564752417263,-113.13526429087976,TCGA-BH-A5IZ-01A,tumor,False,
-28.608913600469506,13.2834910822042,TCGA-BH-A5J0-01A,tumor,False,
-79.3229647978087,20.730535393134307,TCGA-BH-A6R8-01A,tumor,False,
21.105611450520072,-47.68765747554623,TCGA-BH-A6R9-01A,tumor,False,
-67.08523499760445,23.19474301952552,TCGA-BH-A8FY-01A,tumor,False,
55.494206275008025,20.66073251623522,TCGA-BH-A8FZ-01A,tumor,False,
45.46581167889375,34.93774305405927,TCGA-BH-A8G0-01A,tumor,False,
5.889284417178927,20.502417280667792,TCGA-BH-AB28-01A,tumor,False,
25.762123338433522,-100.24444695249454,TCGA-C8-A12K-01A,tumor,False,
-20.871847581192696,-62.868423539140046,TCGA-C8-A12L-01A,tumor,False,
-87.32994019490543,-5.592541776218135,TCGA-C8-A12M-01A,tumor,False,
-43.74338039722147,27.76012919890532,TCGA-C8-A12N-01A,tumor,False,
-15.493881328045251,-1.3497555351684059,TCGA-C8-A12O-01A,tumor,False,
-30.83840624903879,-57.87422012139636,TCGA-C8-A12P-01A,tumor,False,
17.942930615139353,0.37584545054913215,TCGA-C8-A12Q-01A,tumor,False,
-53.59501572209707,-14.040622041880836,TCGA-C8-A12T-01A,tumor,False,
-84.90762975288236,-26.682616184991836,TCGA-C8-A12U-01A,tumor,False,
41.026007451209956,-75.85434068091418,TCGA-C8-A12V-01A,tumor,False,
-50.76192042794945,-8.162121920166834,TCGA-C8-A12W-01A,tumor,False,
-109.64157090097498,-9.604695430584881,TCGA-C8-A12X-01A,tumor,False,
-32.14888175722429,24.206027604351895,TCGA-C8-A12Y-01A,tumor,False,
-64.97063886520858,-31.11303467414722,TCGA-C8-A12Z-01A,tumor,False,
-17.725855744378233,-7.180375617906752,TCGA-C8-A130-01A,tumor,False,
-24.83490617739036,-75.53052114115874,TCGA-C8-A131-01A,tumor,False,
25.745829853288246,4.590723705594743,TCGA-C8-A132-01A,tumor,False,
-121.29510415932927,2.7429694255519146,TCGA-C8-A133-01A,tumor,True,low_detected_genes
52.40800419414056,-82.94135223731136,TCGA-C8-A134-01A,tumor,False,
7.116555050588567,-29.568144652547936,TCGA-C8-A135-01A,tumor,False,
-68.19267890431168,-36.36818381213329,TCGA-C8-A137-01A,tumor,True,low_detected_genes
-11.586272435815621,-2.0501828924915917,TCGA-C8-A138-01A,tumor,False,
-18.22180820369461,55.36726150004916,TCGA-C8-A1HE-01A,tumor,False,
-28.23413466804569,-29.912316539728682,TCGA-C8-A1HF-01A,tumor,False,
-71.22458667402418,-30.988763223827597,TCGA-C8-A1HG-01A,tumor,False,
25.59905619928399,32.58487083108691,TCGA-C8-A1HI-01A,tumor,False,
50.98426782403735,-92.11455883263115,TCGA-C8-A1HJ-01A,tumor,False,
-54.75568379409891,-31.319381010664753,TCGA-C8-A1HK-01A,tumor,False,
-67.14730511999493,-1.6495884175897162,TCGA-C8-A1HL-01A,tumor,False,
-64.2804132890794,-35.926231302170024,TCGA-C8-A1HM-01A,tumor,False,
-67.98201932472564,3.029133087198193,TCGA-C8-A1HN-01A,tumor,False,
-62.73630981304104,25.871642476115515,TCGA-C8-A1HO-01A,tumor,False,
-30.900168639560178,9.78009448757161,TCGA-C8-A26V-01A,tumor,False,
10.597111229890261,29.52569820480421,TCGA-C8-A26W-01A,tumor,False,
-5.615530932824527,-45.61775419203234,TCGA-C8-A26X-01A,tumor,False,
2.4095147552564202,-52.22462126591738,TCGA-C8-A26Y-01A,tumor,False,
-44.48600867753222,27.7940998092332,TCGA-C8-A26Z-01A,tumor,False,
-34.143211704156805,10.699615645393456,TCGA-C8-A273-01A,tumor,False,
-54.70782097650498,16.20894093529928,TCGA-C8-A274-01A,tumor,False,
-2.4749052489193324,-35.463835275967085,TCGA-C8-A275-01A,tumor,False,
-6.157321791800222,-22.14608895807387,TCGA-C8-A278-01A,tumor,False,
-35.364906318709366,4.967434832005194,TCGA-C8-A27A-01A,tumor,False,
13.386951185448309,-121.94194459143702,TCGA-C8-A27B-01A,tumor,False,
55.702668993119644,21.793183654131848,TCGA-C8-A3M7-01A,tumor,False,
-21.12801791880765,34.67542010163975,TCGA-C8-A3M8-01A,tumor,False,
-19.036343162250958,-45.51902872022968,TCGA-C8-A8HP-01A,tumor,False,
-8.985514356730386,3.576040616587779,TCGA-C8-A8HQ-01A,tumor,False,
38.74015026997032,9.909069776693523,TCGA-C8-A8HR-01A,tumor,False,
-28.85691834555089,-10.034279315327314,TCGA-D8-A13Y-01A,tumor,False,
24.75549189579771,-47.955271307737036,TCGA-D8-A13Z-01A,tumor,False,
-40.69770339969861,18.521898258798842,TCGA-D8-A140-01A,tumor,False,
11.574099141073567,16.931589579673567,TCGA-D8-A141-01A,tumor,False,
47.715157328159506,-60.08415180526707,TCGA-D8-A142-01A,tumor,False,
2.392011540237782,-79.1169484252405,TCGA-D8-A143-01A,tumor,False,
37.625828607794965,44.77289628216839,TCGA-D8-A145-01A,tumor,False,
26.708739448264893,51.13372725230228,TCGA-D8-A146-01A,tumor,False,
46.56134973798857,-95.39682064451294,TCGA-D8-A147-01A,tumor,False,
-24.250112176402382,-7.6471435357191435,TCGA-D8-A1J8-01A,tumor,False,
-12.811568501663556,11.088167106580666,TCGA-D8-A1J9-01A,tumor,False,
-31.186789956128546,-23.26660873387351,TCGA-D8-A1JA-01A,tumor,False,
28.640661811102483,17.75345556351634,TCGA-D8-A1JB-01A,tumor,False,
-0.16087710839421512,8.484786107440934,TCGA-D8-A1JC-01A,tumor,False,
-24.077796672942352,22.07256930540672,TCGA-D8-A1JD-01A,tumor,False,
-56.41669639691429,46.19496351278268,TCGA-D8-A1JE-01A,tumor,False,
1.8020184462406956,-16.37584643254606,TCGA-D8-A1JF-01A,tumor,False,
11.153802364937473,-33.82620785373254,TCGA-D8-A1JG-01B,tumor,False,
47.35441347430723,59.73047638881778,TCGA-D8-A1JH-01A,tumor,False,
-84.70892717346644,48.13468562950235,TCGA-D8-A1JI-01A,tumor,False,
-35.89973480991697,2.3945239285690887,TCGA-D8-A1JJ-01A,tumor,False,
-21.855840509223988,-68.59510647256621,TCGA-D8-A1JK-01A,tumor,False,
64.27528936096631,-74.14042506042969,TCGA-D8-A1JL-01A,tumor,False,
15.742867135451759,-103.5661258976552,TCGA-D8-A1JM-01A,tumor,False,
-57.687359623403964,0.7979355422136403,TCGA-D8-A1JN-01A,tumor,False,
-19.912855578600514,2.3735173510511087,TCGA-D8-A1JP-01A,tumor,False,
-100.39956794767072,26.83396056404669,TCGA-D8-A1JS-01A,tumor,False,
-73.50110720466336,8.251625139890287,TCGA-D8-A1JT-01A,tumor,False,
49.33379472355457,53.084174772341335,TCGA-D8-A1JU-01A,tumor,False,
-77.68357436833607,8.91202362164891,TCGA-D8-A1X5-01A,tumor,False,
-79.31631768948033,32.571188007964075,TCGA-D8-A1X6-01A,tumor,False,
-37.33361528192538,37.03190900377764,TCGA-D8-A1X7-01A,tumor,False,
10.869743603715694,52.417512712382575,TCGA-D8-A1X8-01A,tumor,False,
-41.81022953094622,13.337615067286459,TCGA-D8-A1X9-01A,tumor,False,
-57.94809395955827,16.798318562679842,TCGA-D8-A1XA-01A,tumor,False,
-19.62548331925242,23.770905534561578,TCGA-D8-A1XB-01A,tumor,False,
-99.40996972008078,28.779030099256282,TCGA-D8-A1XC-01A,tumor,False,
-37.870585599141,14.274532599957096,TCGA-D8-A1XD-01A,tumor,False,
-73.88389620545382,-4.901388407390888,TCGA-D8-A1XF-01A,tumor,False,
-34.44078933443963,21.60175097021446,TCGA-D8-A1XG-01A,tumor,False,
-36.99460333283168,-16.796886788594833,TCGA-D8-A1XJ-01A,tumor,False,
20.21514589492725,-105.82824857475406,TCGA-D8-A1XK-01A,tumor,False,
-45.610869712060676,-14.16190062623384,TCGA-D8-A1XL-01A,tumor,False,
33.688593403442056,37.45474399195881,TCGA-D8-A1XM-01A,tumor,False,
-9.172948524773815,46.022787549377654,TCGA-D8-A1XO-01A,tumor,False,
14.592355414234964,-95.66566177854168,TCGA-D8-A1XQ-01A,tumor,False,
-36.296646124227095,48.28337807767978,TCGA-D8-A1XR-01A,tumor,False,
-31.22545752028962,31.260353958423803,TCGA-D8-A1XS-01A,tumor,False,
-8.814346155840058,-38.50499071820152,TCGA-D8-A1XT-01A,tumor,False,
-1.0719879043570248,45.30649830639255,TCGA-D8-A1XU-01A,tumor,False,
-92.57956073440153,21.462933815774306,TCGA-D8-A1XV-01A,tumor,False,
40.21096325137814,-71.52284146012359,TCGA-D8-A1XW-01A,tumor,False,
-19.488331060383526,24.890520555871454,TCGA-D8-A1XY-01A,tumor,False,
-43.206964557156624,-0.004786895966007069,TCGA-D8-A1XZ-01A,tumor,False,
28.222147601022776,37.07167265864153,TCGA-D8-A1Y0-01A,tumor,False,
-51.04962169617949,23.86004398814486,TCGA-D8-A1Y1-01A,tumor,False,
-13.138879282159918,-0.39912413583766826,TCGA-D8-A1Y2-01A,tumor,False,
-71.01300690825617,-43.51456595869266,TCGA-D8-A1Y3-01A,tumor,False,
-50.692169657058386,44.37085292603563,TCGA-D8-A27E-01A,tumor,False,
59.865426188316874,-91.39430162914766,TCGA-D8-A27F-01A,tumor,False,
-9.580605028232757,28.722633314972352,TCGA-D8-A27G-01A,tumor,False,
47.13694495114998,-71.63443433914904,TCGA-D8-A27H-01A,tumor,False,
74.52094515214841,48.72341770282764,TCGA-D8-A27I-01A,tumor,False,
21.270881721665887,37.724999001954814,TCGA-D8-A27K-01A,tumor,False,
46.44670238945327,51.241063983869594,TCGA-D8-A27L-01A,tumor,False,
74.22165812818167,-67.06828260617482,TCGA-D8-A27M-01A,tumor,False,
-18.030522546315243,1.4675721367158905,TCGA-D8-A27N-01A,tumor,False,
2.59540427517308,37.550924087240396,TCGA-D8-A27P-01A,tumor,False,
-2.3361547524074835,4.90670230670165,TCGA-D8-A27R-01A,tumor,False,
-4.1735475201706045,41.374069674943605,TCGA-D8-A27T-01A,tumor,False,
44.536849305675226,41.737452296748984,TCGA-D8-A27V-01A,tumor,False,
-14.251526242293604,16.9473274570631,TCGA-D8-A27W-01A,tumor,False,
47.87001976905479,49.742632273076715,TCGA-D8-A3Z5-01A,tumor,False,
-14.731865235051492,40.500104403708846,TCGA-D8-A3Z6-01A,tumor,False,
44.91838796567048,38.69821253015146,TCGA-D8-A4Z1-01A,tumor,False,
2.3025217904415096,12.776422074528114,TCGA-D8-A73U-01A,tumor,False,
-39.42194362751087,12.483502257874159,TCGA-D8-A73W-01A,tumor,False,
-11.236064772968902,39.825169916483254,TCGA-D8-A73X-01A,tumor,False,
-41.61173554187071,24.872126345675547,TCGA-E2-A105-01A,tumor,False,
-56.860141906899585,33.721296298874925,TCGA-E2-A106-01A,tumor,False,
-32.51532910238755,27.275091123250238,TCGA-E2-A107-01A,tumor,False,
55.54867647317962,6.17593315953878,TCGA-E2-A108-01A,tumor,False,
-47.403254245259276,13.16898948617343,TCGA-E2-A109-01A,tumor,False,
-60.395618532691884,31.924285168029257,TCGA-E2-A10A-01A,tumor,False,
-7.499281007646517,44.68611865945144,TCGA-E2-A10B-01A,tumor,False,
-55.71768642420208,0.20668951241040384,TCGA-E2-A10C-01A,tumor,False,
-9.438103342340412,39.434955262696604,TCGA-E2-A10E-01A,tumor,False,
-3.7704909687541135,32.818086508413884,TCGA-E2-A10F-01A,tumor,False,
6.325989982714486,-110.04701134160968,TCGA-E2-A14N-01A,tumor,False,
-91.49232578641458,10.550592247415242,TCGA-E2-A14O-01A,tumor,False,
-5.058133691110657,-38.8219284251591,TCGA-E2-A14P-01A,tumor,False,
21.67240871050615,42.03702206805446,TCGA-E2-A14Q-01A,tumor,False,
-14.262078619147594,-126.08272154037365,TCGA-E2-A14R-01A,tumor,False,
-47.912784989834016,30.38965837288368,TCGA-E2-A14S-01A,tumor,False,
-16.00043189672599,28.78780301530648,TCGA-E2-A14T-01A,tumor,False,
53.29584449525265,49.979752510479436,TCGA-E2-A14U-01A,tumor,False,
-24.80328483372349,4.394962678290218,TCGA-E2-A14V-01A,tumor,False,
-94.76099617947197,-5.907931623463462,TCGA-E2-A14W-01A,tumor,False,
71.44311828290157,-71.69904565113825,TCGA-E2-A14X-01A,tumor,False,
-20.44183839228281,-119.83546956970007,TCGA-E2-A14Y-01A,tumor,False,
2.069229483965072,3.8300311702965075,TCGA-E2-A14Z-01A,tumor,False,
12.658225522081642,-91.7812996479047,TCGA-E2-A150-01A,tumor,False,
-38.144098957118516,-17.02614495693163,TCGA-E2-A152-01A,tumor,False,
-47.036287883103576,14.51196997454764,TCGA-E2-A153-01A,tumor,False,
88.97304307053629,22.211891652177485,TCGA-E2-A153-11A,normal,False,
-77.16921770394131,21.659626312030365,TCGA-E2-A154-01A,tumor,False,
-64.83190769934785,25.602176047851135,TCGA-E2-A155-01A,tumor,False,
-118.64477084550238,21.76200745980517,TCGA-E2-A156-01A,tumor,False,
8.384999487156747,-103.82982348586631,TCGA-E2-A158-01A,tumor,False,
81.53781525218261,10.765159265110197,TCGA-E2-A158-11A,normal,False,
23.909677741019273,-75.42076729177909,TCGA-E2-A159-01A,tumor,False,
-46.67845051189173,0.675122652054717,TCGA-E2-A15A-01A,tumor,False,
-12.85150330390972,30.902497399126332,TCGA-E2-A15C-01A,tumor,False,
3.988151792634343,43.35815599834833,TCGA-E2-A15D-01A,tumor,False,
22.239820200464017,27.100129530723603,TCGA-E2-A15E-01A,tumor,False,
-18.118013145480177,23.669379161855073,TCGA-E2-A15F-01A,tumor,False,
-60.68399054507959,57.33013162875876,TCGA-E2-A15G-01A,tumor,False,
-32.271162034413784,12.19766370061849,TCGA-E2-A15H-01A,tumor,False,
14.724686329049392,49.085040015019494,TCGA-E2-A15I-01A,tumor,False,
91.68421680716183,19.784452203738766,TCGA-E2-A15I-11A,normal,False,
-77.9855750863107,20.066731836049556,TCGA-E2-A15J-01A,tumor,False,
-46.791404869636395,16.706735172497524,TCGA-E2-A15K-01A,tumor,False,
93.4852213142186,12.74246264609899,TCGA-E2-A15K-11A,normal,False,
-46.044098573487965,34.428933347980525,TCGA-E2-A15L-01A,tumor,False,
62.648527818820746,35.114777608130915,TCGA-E2-A15M-01A,tumor,True,high_library_size
97.62764023539359,41.38111389113511,TCGA-E2-A15M-11A,normal,False,
-40.33726133702885,13.001793810658333,TCGA-E2-A15O-01A,tumor,False,
22.2840540473402,52.32453475873254,TCGA-E2-A15P-01A,tumor,False,
-38.849513441732796,42.33099798266098,TCGA-E2-A15R-01A,tumor,False,
-30.985440902487543,22.81802107670167,TCGA-E2-A15S-01A,tumor,False,
-56.172863886963135,32.31138221915898,TCGA-E2-A15T-01A,tumor,False,
5.621174247189877,-82.43853284625774,TCGA-E2-A1AZ-01A,tumor,False,
45.50900638379367,-37.69807537089122,TCGA-E2-A1B0-01A,tumor,True,high_library_size
91.83702112854981,34.0552396699941,TCGA-E2-A1B1-01A,tumor,True,high_library_size;high_detected_genes
-25.004626094749803,52.05723462613665,TCGA-E2-A1B4-01A,tumor,False,
29.30019013089003,9.2448419980873,TCGA-E2-A1B5-01A,tumor,False,
77.75074180828139,-73.05517738725342,TCGA-E2-A1B6-01A,tumor,False,
-26.89365876086218,27.006320117111233,TCGA-E2-A1BC-01A,tumor,False,
32.36239878549927,-5.853904320165361,TCGA-E2-A1BC-11A,normal,False,
-8.372789633497101,44.19758642872578,TCGA-E2-A1BD-01A,tumor,False,
-31.951195504732297,54.1111309318731,TCGA-E2-A1IE-01A,tumor,False,
16.441439742038433,24.655946178963323,TCGA-E2-A1IF-01A,tumor,False,
-35.98297660250004,11.80698880238428,TCGA-E2-A1IG-01A,tumor,False,
95.80831535018291,23.02155381807866,TCGA-E2-A1IG-11A,normal,False,
13.720731986603553,22.552921306783897,TCGA-E2-A1IH-01A,tumor,False,
-13.386936255814001,-108.21189551605406,TCGA-E2-A1II-01A,tumor,False,
2.7107732784122622,17.023125530358318,TCGA-E2-A1IJ-01A,tumor,False,
-36.212036745039754,15.196262253079066,TCGA-E2-A1IK-01A,tumor,False,
-9.431911743908655,40.07024686360782,TCGA-E2-A1IL-01A,tumor,False,
-23.47536012550523,33.11974357143374,TCGA-E2-A1IN-01A,tumor,False,
27.280097720348056,35.15463373787286,TCGA-E2-A1IO-01A,tumor,False,
-13.036592835046722,39.88873841831729,TCGA-E2-A1IU-01A,tumor,False,
33.2870686418769,59.560861448714235,TCGA-E2-A1L6-01A,tumor,False,
-18.917511954546047,-3.35402573701144,TCGA-E2-A1L7-01A,tumor,False,
94.46879628235699,24.677989224879493,TCGA-E2-A1L7-11A,normal,False,
-17.954653185807107,42.137614327717614,TCGA-E2-A1L8-01A,tumor,False,
-0.03170722164567028,25.450565902123834,TCGA-E2-A1L9-01A,tumor,False,
-36.44033997777046,0.8659456917308047,TCGA-E2-A1LA-01A,tumor,False,
-47.580691565932355,-14.29731169604598,TCGA-E2-A1LB-01A,tumor,False,
78.93379914891399,2.9188519911459,TCGA-E2-A1LB-11A,normal,False,
0.9494294044935992,-29.198132926486892,TCGA-E2-A1LE-01A,tumor,False,
22.997731890899928,-95.0591769105382,TCGA-E2-A1LG-01A,tumor,False,
14.342779926818533,-106.10114844823293,TCGA-E2-A1LH-01A,tumor,False,
76.18117723494557,18.46639028090088,TCGA-E2-A1LH-11A,normal,False,
33.35464885336276,-108.97139869120245,TCGA-E2-A1LI-01A,tumor,False,
-38.15561166946118,-141.63569777206854,TCGA-E2-A1LK-01A,tumor,False,
-7.272881637607542,-74.53766275759035,TCGA-E2-A1LL-01A,tumor,False,
17.996650945186108,-82.90722582088532,TCGA-E2-A1LS-01A,tumor,False,
83.94450481478677,7.952985259356103,TCGA-E2-A1LS-11A,normal,False,
-38.023559863421866,5.50784857080187,TCGA-E2-A2P5-01A,tumor,False,
-27.0462024621749,43.08385680317912,TCGA-E2-A2P6-01A,tumor,False,
52.380735597763,44.01806430940636,TCGA-E2-A3DX-01A,tumor,False,
-68.21142727267254,18.72814980576185,TCGA-E2-A56Z-01A,tumor,False,
-33.22011187689586,24.228429336980668,TCGA-E2-A570-01A,tumor,False,
-78.75773199380981,20.950668058651868,TCGA-E2-A572-01A,tumor,False,
27.453074932694594,-114.53925853436978,TCGA-E2-A573-01A,tumor,False,
-17.00496561952599,-118.92108788835273,TCGA-E2-A574-01A,tumor,False,
-50.36579564279296,12.87084213989688,TCGA-E2-A576-01A,tumor,False,
-93.23392804543124,-41.43909447863346,TCGA-E2-A9RU-01A,tumor,True,low_detected_genes
-30.518068580574585,51.135065516592874,TCGA-E9-A1N3-01A,tumor,False,
13.333968715729759,29.845324623857888,TCGA-E9-A1N4-01A,tumor,False,
101.91503800259751,27.039789875086168,TCGA-E9-A1N4-11A,normal,False,
-40.209856438536704,30.36054554782607,TCGA-E9-A1N5-01A,tumor,False,
53.931413950614136,-12.06830647530275,TCGA-E9-A1N5-11A,normal,False,
-48.99117236627122,-19.256259724949476,TCGA-E9-A1N6-01A,tumor,False,
104.98149784331298,17.142350449205974,TCGA-E9-A1N6-11A,normal,False,
10.334432314053156,-98.82672293957701,TCGA-E9-A1N8-01A,tumor,False,
-0.21878856543117503,-13.00900017226681,TCGA-E9-A1N9-01A,tumor,False,
106.85170202539831,33.88957749545079,TCGA-E9-A1N9-11A,normal,False,
-43.43244532866032,-11.366782883619809,TCGA-E9-A1NA-01A,tumor,False,
109.40629572710425,29.256739186605085,TCGA-E9-A1NA-11A,normal,False,
40.117680938602874,-97.99184775370166,TCGA-E9-A1NC-01A,tumor,False,
3.377425862687866,-106.4221378923972,TCGA-E9-A1ND-01A,tumor,False,
94.92284657357428,8.987185432416705,TCGA-E9-A1ND-11A,normal,False,
52.81423007697246,25.978942181949545,TCGA-E9-A1NE-01A,tumor,False,
-43.82611412162141,-3.747214454707894,TCGA-E9-A1NF-01A,tumor,False,
59.15498170905408,5.853039771057304,TCGA-E9-A1NF-11A,normal,False,
-10.563385055244183,5.032683443476371,TCGA-E9-A1NG-01A,tumor,False,
93.42742206665223,29.744942216389607,TCGA-E9-A1NG-11A,normal,False,
-21.18134589265375,29.278664208585322,TCGA-E9-A1NH-01A,tumor,False,
-68.95033718705444,18.457551824864137,TCGA-E9-A1NI-01A,tumor,False,
58.76241761303842,38.58836524287735,TCGA-E9-A1QZ-01A,tumor,False,
27.921752571724223,59.124903519758604,TCGA-E9-A1R0-01A,tumor,False,
-16.93816152756494,7.046147008059713,TCGA-E9-A1R2-01A,tumor,False,
6.88581962694783,32.25740314121691,TCGA-E9-A1R3-01A,tumor,False,
-32.297796472931225,9.974006867952314,TCGA-E9-A1R4-01A,tumor,False,
-46.36044359866223,23.371962581119845,TCGA-E9-A1R5-01A,tumor,False,
-86.35083038105171,21.780954252530886,TCGA-E9-A1R6-01A,tumor,False,
-46.81432520339561,18.910106779457028,TCGA-E9-A1R7-01A,tumor,False,
111.75323250965245,31.616277846262257,TCGA-E9-A1R7-11A,normal,False,
-30.62451773904328,20.234377255855055,TCGA-E9-A1RA-01A,tumor,False,
-18.041106515008703,-0.14749899167574454,TCGA-E9-A1RB-01A,tumor,False,
125.2433013458186,40.88658508640346,TCGA-E9-A1RB-11A,normal,False,
-34.55404115279222,24.54858494746655,TCGA-E9-A1RC-01A,tumor,False,
76.29750128283493,16.92620673446108,TCGA-E9-A1RC-11A,normal,False,
-31.990208707668156,56.74353597398399,TCGA-E9-A1RD-01A,tumor,False,
116.32349977999526,44.68663032483959,TCGA-E9-A1RD-11A,normal,False,
-54.08800887511643,31.147473249309854,TCGA-E9-A1RE-01A,tumor,False,
-28.933003088092995,-1.1060048259206554,TCGA-E9-A1RF-01A,tumor,False,
64.83929721743979,10.86897696125345,TCGA-E9-A1RF-11A,normal,False,
-67.96017999745605,-9.610121006341332,TCGA-E9-A1RG-01A,tumor,False,
-21.587033324952113,-58.56742483123694,TCGA-E9-A1RH-01A,tumor,False,
97.24259578088576,29.63646116235233,TCGA-E9-A1RH-11A,normal,False,
1.066790462446638,41.08055241014797,TCGA-E9-A1RI-01A,tumor,False,
81.75537576418249,29.45587335809112,TCGA-E9-A1RI-11A,normal,False,
-40.79797047336982,17.416202587001198,TCGA-E9-A226-01A,tumor,True,low_detected_genes
9.5779259485889,41.18420167702208,TCGA-E9-A227-01A,tumor,False,
-52.262242148151564,20.292836248433836,TCGA-E9-A228-01A,tumor,False,
7.316642659350137,38.046560035437,TCGA-E9-A229-01A,tumor,False,
-11.3983077807441,-2.098855123033022,TCGA-E9-A22A-01A,tumor,False,
-8.932351828704824,22.491576333766243,TCGA-E9-A22B-01A,tumor,False,
-34.144378929435256,13.345471644626585,TCGA-E9-A22D-01A,tumor,False,
-24.082386188629975,18.19000368194651,TCGA-E9-A22E-01A,tumor,False,
26.828180697807742,-120.42966377610486,TCGA-E9-A22G-01A,tumor,False,
-32.17884888562204,49.98534023429313,TCGA-E9-A22H-01A,tumor,False,
68.54110729442023,-56.11304966887647,TCGA-E9-A243-01A,tumor,True,high_library_size
34.70519142879252,-85.24271969128964,TCGA-E9-A244-01A,tumor,False,
-12.539289666578119,23.146699967630802,TCGA-E9-A245-01A,tumor,True,high_detected_genes
-18.91855236556034,16.561524453325823,TCGA-E9-A247-01A,tumor,False,
23.935112110078357,-52.50132422122108,TCGA-E9-A248-01A,tumor,False,
-48.368586907865584,26.632093066704257,TCGA-E9-A249-01A,tumor,False,
-37.84577292735078,34.18776713739183,TCGA-E9-A24A-01A,tumor,False,
-2.0950447934384204,15.17646948346114,TCGA-E9-A295-01A,tumor,False,
-43.631488256275645,4.461212118954936,TCGA-E9-A2JS-01A,tumor,False,
5.272248410343238,-8.596998918084871,TCGA-E9-A2JT-01A,tumor,False,
-29.617035037393272,15.446224405565955,TCGA-E9-A3HO-01A,tumor,False,
-21.679354481840285,53.721248301607375,TCGA-E9-A3Q9-01A,tumor,False,
41.48249831427576,-96.4275976438182,TCGA-E9-A3QA-01A,tumor,False,
-1.218230401499077,12.10648691568385,TCGA-E9-A3X8-01A,tumor,False,
-106.95390476910346,14.663544235187912,TCGA-E9-A54X-01A,tumor,False,
-135.05166207276866,-28.148042571569867,TCGA-E9-A54Y-01A,tumor,False,
9.472352375348663,15.620274949256785,TCGA-E9-A5FK-01A,tumor,False,
19.1440801620607,-72.19465763181692,TCGA-E9-A5FL-01A,tumor,False,
-120.29757149067025,5.61929658869118,TCGA-E9-A5UO-01A,tumor,False,
-103.90160990632778,-12.875792103478757,TCGA-E9-A5UP-01A,tumor,False,
-21.855497824202477,16.061478458891955,TCGA-E9-A6HE-01A,tumor,False,
46.18974018862896,31.275150214478323,TCGA-EW-A1IW-01A,tumor,False,
5.190418850717661,49.96435973971952,TCGA-EW-A1IX-01A,tumor,False,
22.030804955658624,19.64874041439635,TCGA-EW-A1IY-01A,tumor,False,
-18.928438947939554,-8.483174458032494,TCGA-EW-A1IZ-01A,tumor,False,
-55.191641438590494,36.603354354373806,TCGA-EW-A1J1-01A,tumor,False,
56.97155471842816,56.3153193790018,TCGA-EW-A1J2-01A,tumor,False,
-9.698729970001196,44.9148947151517,TCGA-EW-A1J3-01A,tumor,False,
14.00981768862469,34.324832049662284,TCGA-EW-A1J5-01A,tumor,False,
-33.05549613784019,0.6194145142942277,TCGA-EW-A1J6-01A,tumor,False,
-14.939296468577687,-40.95938456997172,TCGA-EW-A1OV-01A,tumor,False,
29.33591135364539,-102.3534211396393,TCGA-EW-A1OW-01A,tumor,False,
-111.51244968232294,7.892737620644882,TCGA-EW-A1OX-01A,tumor,False,
-56.58710218478229,-4.414751157524812,TCGA-EW-A1OY-01A,tumor,False,
-49.79366905603934,2.153079007232307,TCGA-EW-A1OZ-01A,tumor,False,
-75.15383583598248,8.098750089382536,TCGA-EW-A1P0-01A,tumor,False,
62.69773000859154,0.2797619711329152,TCGA-EW-A1P1-01A,tumor,False,
-26.11413786611933,29.83036218471817,TCGA-EW-A1P3-01A,tumor,False,
20.48929401037835,-98.51595831573248,TCGA-EW-A1P4-01A,tumor,False,
-52.737822870782686,19.05088683770225,TCGA-EW-A1P5-01A,tumor,False,
-53.34934295049243,15.699046936612374,TCGA-EW-A1P6-01A,tumor,False,
86.49777998302622,-41.31414636865645,TCGA-EW-A1P7-01A,tumor,False,
27.865417166551413,-92.2861677158627,TCGA-EW-A1P8-01A,tumor,False,
-14.7353787458945,13.369662415868653,TCGA-EW-A1PA-01A,tumor,False,
-6.472064740378695,-117.16181913830626,TCGA-EW-A1PB-01A,tumor,False,
-26.26043558654593,-17.31529073685988,TCGA-EW-A1PC-01B,tumor,False,
2.3694999098925544,27.988641974572296,TCGA-EW-A1PD-01A,tumor,False,
-10.339714082879764,37.599080533433394,TCGA-EW-A1PE-01A,tumor,False,
12.726261004243389,29.896114834105596,TCGA-EW-A1PF-01A,tumor,False,
23.944498577264515,4.1067308165357455,TCGA-EW-A1PG-01A,tumor,False,
45.316340269788455,-101.96717754551517,TCGA-EW-A1PH-01A,tumor,False,
13.36640609637129,-12.54587364518162,TCGA-EW-A2FR-01A,tumor,False,
16.339817570116498,19.230265738563883,TCGA-EW-A2FS-01A,tumor,False,
35.17908998022474,8.642775283756123,TCGA-EW-A2FV-01A,tumor,False,
-73.71581400689166,19.261568854252726,TCGA-EW-A2FW-01A,tumor,False,
27.633709304657426,47.95388078567996,TCGA-EW-A3E8-01B,tumor,False,
67.5042691407972,-71.6309673328433,TCGA-EW-A3U0-01A,tumor,False,
-43.149068252506574,20.380985466795167,TCGA-EW-A423-01A,tumor,False,
5.434126160973083,37.632310940244416,TCGA-EW-A424-01A,tumor,False,
-28.88872332965476,2.241595045298601,TCGA-EW-A6S9-01A,tumor,False,
-95.08410090994597,9.788224958789016,TCGA-EW-A6SA-01A,tumor,False,
-19.539015720095666,-136.550258644799,TCGA-EW-A6SB-01A,tumor,False,
-7.956100422286631,34.70965098199142,TCGA-EW-A6SC-01A,tumor,False,
-22.63132362807146,-46.99146080282585,TCGA-EW-A6SD-01A,tumor,False,
-9.55401756496973,33.563421319316966,TCGA-GI-A2C8-01A,tumor,False,
13.391371399936231,-15.119072511203063,TCGA-GI-A2C8-11A,normal,False,
50.35284445497958,-81.81272833694436,TCGA-GI-A2C9-01A,tumor,False,
126.43913929226977,25.0667759057436,TCGA-GI-A2C9-11A,normal,False,
-50.525408424354296,19.253122717015064,TCGA-GM-A2D9-01A,tumor,False,
-31.220888436565726,0.7700356129970136,TCGA-GM-A2DA-01A,tumor,False,
-23.93633640747708,-67.1971130655426,TCGA-GM-A2DB-01A,tumor,False,
-72.89085059054985,14.581204044866446,TCGA-GM-A2DC-01A,tumor,False,
23.74521936863853,-29.103067976387983,TCGA-GM-A2DD-01A,tumor,False,
25.06858966153354,-98.16598614211023,TCGA-GM-A2DF-01A,tumor,False,
19.34369076636243,-17.00357737012557,TCGA-GM-A2DH-01A,tumor,False,
-9.125655624696876,3.2405990835778127,TCGA-GM-A2DI-01A,tumor,False,
7.150274051160639,25.81879912075123,TCGA-GM-A2DK-01A,tumor,False,
-29.13544491081679,6.462303074986367,TCGA-GM-A2DL-01A,tumor,False,
-69.5683653784781,13.485899550274034,TCGA-GM-A2DM-01A,tumor,False,
11.13134893391507,6.144040596942897,TCGA-GM-A2DN-01A,tumor,False,
-60.49482413752458,-29.44306089512169,TCGA-GM-A2DO-01A,tumor,False,
-5.264618040991128,38.48134011654094,TCGA-GM-A3NW-01A,tumor,False,
8.798335577255864,38.837843791589805,TCGA-GM-A3NY-01A,tumor,False,
58.53543017239822,31.837365666216044,TCGA-GM-A3XG-01A,tumor,False,
2.899345103170246,-107.7694720371172,TCGA-GM-A3XL-01A,tumor,False,
42.976398472681126,37.1760894822752,TCGA-GM-A3XN-01A,tumor,False,
28.550100915836932,19.91168746586699,TCGA-GM-A4E0-01A,tumor,False,
1.2048345010038906,41.39606179562213,TCGA-GM-A5PV-01A,tumor,False,
5.223836344420992,41.62972783569992,TCGA-GM-A5PX-01A,tumor,False,
27.7427639399594,-82.07488658854565,TCGA-HN-A2NL-01A,tumor,False,
42.03288223161593,42.6500375863907,TCGA-HN-A2OB-01A,tumor,False,
21.357043080804523,-44.97309612637324,TCGA-JL-A3YW-01A,tumor,False,
-9.050317789712178,27.65157690270447,TCGA-JL-A3YX-01A,tumor,False,
12.085138651421007,40.691053691592586,TCGA-LD-A66U-01A,tumor,False,
43.22748347393762,27.06504068224406,TCGA-LD-A74U-01A,tumor,False,
35.843507215015414,15.76105622327345,TCGA-LD-A7W5-01A,tumor,False,
17.331146744156097,51.19371334835695,TCGA-LD-A7W6-01A,tumor,False,
30.062477044808396,-28.496197929468465,TCGA-LD-A9QF-01A,tumor,False,
80.22970744522972,41.01016985224232,TCGA-LL-A440-01A,tumor,False,
83.60106854263647,-32.73692918008124,TCGA-LL-A441-01A,tumor,False,
-80.28539920128509,35.59556804180652,TCGA-LL-A442-01A,tumor,False,
-74.94847875737891,17.931452791316584,TCGA-LL-A50Y-01A,tumor,True,low_detected_genes
-8.00576530304121,-2.828307493600978,TCGA-LL-A5YL-01A,tumor,False,
-81.19260791215285,-8.229013534796046,TCGA-LL-A5YM-01A,tumor,True,low_detected_genes
-18.370871300083163,-2.9007715989760916,TCGA-LL-A5YN-01A,tumor,False,
9.900725168067991,-61.08000576515458,TCGA-LL-A5YO-01A,tumor,False,
32.67273919119889,-82.19670928496897,TCGA-LL-A5YP-01A,tumor,False,
-92.25878817231961,22.439012351093552,TCGA-LL-A6FP-01A,tumor,False,
-78.03495359851178,10.369758863286688,TCGA-LL-A6FQ-01A,tumor,False,
-13.660153911218188,-110.180324153345,TCGA-LL-A6FR-01A,tumor,False,
74.46387425022066,-58.40917477202522,TCGA-LL-A73Y-01A,tumor,False,
52.1769918498863,-13.384250426377072,TCGA-LL-A73Z-01A,tumor,False,
-1.0446911927650298,-23.58711121751527,TCGA-LL-A740-01A,tumor,False,
-67.60904206231962,-29.054746255717394,TCGA-LL-A7SZ-01A,tumor,False,
-45.673811220287746,-14.995837124286139,TCGA-LL-A7T0-01A,tumor,False,
-7.854909130581047,-103.98831172872106,TCGA-LL-A8F5-01A,tumor,False,
-65.52620364379817,-6.299284988856626,TCGA-LL-A9Q3-01A,tumor,False,
-34.383134327922235,23.23342377106408,TCGA-LQ-A4E4-01A,tumor,False,
21.333651246554144,36.25004080859552,TCGA-MS-A51U-01A,tumor,False,
37.512682289242235,16.15522173229295,TCGA-OK-A5Q2-01A,tumor,False,
8.636703551897112,-17.677377712857634,TCGA-OL-A5D6-01A,tumor,False,
-18.808095254192896,-118.58100488914914,TCGA-OL-A5D7-01A,tumor,False,
-54.615309142066636,21.032657816940524,TCGA-OL-A5D8-01A,tumor,False,
-24.250819082812004,24.996773939799986,TCGA-OL-A5DA-01A,tumor,False,
9.025421600221268,29.609302601331372,TCGA-OL-A5RU-01A,tumor,False,
23.90565089605074,41.53156519827558,TCGA-OL-A5RV-01A,tumor,False,
6.493667042286961,-104.56879907809503,TCGA-OL-A5RW-01A,tumor,False,
40.521901167655464,31.07741020708361,TCGA-OL-A5RX-01A,tumor,False,
46.67091308604289,-36.41095645709923,TCGA-OL-A5RY-01A,tumor,False,
-57.97969171539252,-39.74576765546013,TCGA-OL-A5RZ-01A,tumor,False,
25.067981672012532,-100.48678858311233,TCGA-OL-A5S0-01A,tumor,False,
-49.15350152374685,12.606100185353858,TCGA-OL-A66H-01A,tumor,False,
29.347631396378773,-91.88403292308494,TCGA-OL-A66I-01A,tumor,False,
-0.7958765619402285,32.36055085234005,TCGA-OL-A66J-01A,tumor,False,
-20.774880715973193,43.162014761218664,TCGA-OL-A66K-01A,tumor,False,
3.3619840681555178,27.131790783938605,TCGA-OL-A66L-01A,tumor,False,
4.693253946174008,18.815622761291685,TCGA-OL-A66N-01A,tumor,False,
-72.03624542969206,17.32757186529646,TCGA-OL-A66O-01A,tumor,False,
-19.03007544861233,-48.109112150336586,TCGA-OL-A66P-01A,tumor,False,
9.362976882433895,-100.93756003708263,TCGA-OL-A6VO-01A,tumor,False,
-18.762801243157483,18.326756388018747,TCGA-OL-A6VQ-01A,tumor,False,
-4.498099036484908,50.856257375400084,TCGA-OL-A6VR-01A,tumor,False,
-6.275299225886328,-6.827666157081065,TCGA-OL-A97C-01A,tumor,False,
-22.1467780331424,15.629379572283975,TCGA-PE-A5DC-01A,tumor,False,
-33.69508249636037,30.113030261371414,TCGA-PE-A5DD-01A,tumor,False,
-9.918798831072978,16.230095342177297,TCGA-PE-A5DE-01A,tumor,False,
24.832042389196985,-83.0106956707908,TCGA-PL-A8LV-01A,tumor,False,
-90.94009716682345,7.977507614735799,TCGA-PL-A8LX-01A,tumor,False,
36.53128132038662,-14.8794408019772,TCGA-PL-A8LY-01A,tumor,False,
27.49678145903898,-80.29840251963675,TCGA-PL-A8LZ-01A,tumor,False,
-21.561253292144077,10.726356566271622,TCGA-S3-A6ZF-01A,tumor,False,
-26.3284931973281,36.932273970149446,TCGA-S3-A6ZG-01A,tumor,False,
-33.36112164160097,10.530481936841772,TCGA-S3-A6ZH-01A,tumor,False,
23.656612856907355,-83.3308527330284,TCGA-S3-AA0Z-01A,tumor,False,
13.00213782469603,-117.2010209432577,TCGA-S3-AA10-01A,tumor,False,
-38.708798550972396,20.4830256793051,TCGA-S3-AA11-01A,tumor,False,
-113.81108031114478,10.384056525732626,TCGA-S3-AA12-01A,tumor,False,
-9.037601976163385,25.76499756222897,TCGA-S3-AA14-01A,tumor,False,
47.25687625971385,-58.70010488040985,TCGA-S3-AA15-01A,tumor,False,
-37.36543108797269,-2.629058060609792,TCGA-S3-AA17-01A,tumor,False,
-56.99746653641462,-18.802434285172737,TCGA-UL-AAZ6-01A,tumor,False,
-81.97412947187799,-79.78066816602036,TCGA-UU-A93S-01A,tumor,True,low_detected_genes
-50.67619952848247,13.874629656072631,TCGA-V7-A7HQ-01A,tumor,False,
22.97862993403794,36.278189283236344,TCGA-W8-A86G-01A,tumor,False,
-56.696087671589915,-18.78428894319637,TCGA-WT-AB41-01A,tumor,False,
-45.96146410145134,-9.588849046233172,TCGA-WT-AB44-01A,tumor,False,
42.68991161324722,27.701198090465617,TCGA-XX-A899-01A,tumor,False,
37.59273865592313,17.681889296425414,TCGA-XX-A89A-01A,tumor,False,
24.580366188761314,-6.29237296522067,TCGA-Z7-A8R5-01A,tumor,False,
-44.381052739254955,15.748761595980662,TCGA-Z7-A8R6-01A,tumor,False,
